gene_name,Length
A4GALT,29178
AAAS,17409
AACS,77900
AAGAB,54529
AAMP,6050
AAR2,34788
AARS1,37725
AARS2,14617
AASDH,49222
AASDHPPT,23199
AATF,107947
ABCA3,64866
ABCA5,82934
ABCA7,25576
ABCB10,42126
ABCB7,105685
ABCB8,19361
ABCB9,60699
ABCC1,194120
ABCC10,23062
ABCD2,69771
ABCD4,17787
ABCE1,31237
ABCF1,25787
ABCF2,15722
ABCF3,7918
ABHD10,14359
ABHD11,2759
ABHD13,15852
ABHD14A,9771
ABHD14B,14900
ABHD15,6491
ABHD16B,1491
ABHD17A,8687
ABHD17B,48742
ABHD2,114897
ABHD3,53880
ABHD4,14674
ABI1,114495
ABI2,119449
ABI3,12815
ABITRAM,16345
ABL1,174660
ABLIM1,336950
ABRACL,14558
ABRAXAS1,63832
ABRAXAS2,34849
ABT1,3787
ABTB1,7992
ACAA1,34114
ACAA2,31790
ACAD10,71055
ACAD8,12308
ACAD9,44408
ACADM,63145
ACADS,14235
ACADSB,49312
ACADVL,8142
ACAP1,14949
ACAP2,168300
ACAP3,17220
ACAT1,30909
ACAT2,17068
ACBD3,42063
ACBD4,11582
ACBD5,74912
ACCS,18313
ACD,3299
ACIN1,37051
ACKR3,14568
ACLY,63626
ACO2,81444
ACOT13,38031
ACOT2,8039
ACOT7,129499
ACOT8,15685
ACOX1,37671
ACP1,14144
ACP2,9605
ACP5,5341
ACP6,40873
ACSBG1,78221
ACSF3,75747
ACSL1,71224
ACSL3,83698
ACSL4,109160
ACSL5,54264
ACSS1,52751
ACSS2,55817
ACTA2,56266
ACTB,37494
ACTG1,14435
ACTL10,1583
ACTL6A,25522
ACTN4,83941
ACTR10,35557
ACTR1A,40832
ACTR1B,8106
ACTR2,43466
ACTR3,72534
ACTR5,24061
ACTR6,42744
ACTR8,15087
ACVR2B,39253
ACY3,8176
ACYP1,16247
ADA,67357
ADAL,23898
ADAM10,160983
ADAM15,12210
ADAM17,68247
ADAM19,180242
ADAM23,177596
ADAM8,14449
ADAM9,108692
ADAR,46319
ADARB1,152708
ADAT1,26433
ADAT2,27864
ADAT3,8049
ADCK2,23317
ADCK5,20142
ADCY3,101069
ADCY7,71999
ADD1,86233
ADD3,139198
ADGRE2,46169
ADGRE5,28225
ADGRG5,49039
ADH5,17824
ADI1,22166
ADIPOR1,17747
ADIPOR2,100101
ADM,2325
ADM5,982
ADNP,42522
ADNP2,38262
ADO,3760
ADPGK,34553
ADPRH,10678
ADPRM,13965
ADPRS,5041
ADRM1,6770
ADSL,44003
ADSS2,43416
AEN,10945
AFDN,145131
AFF1,206038
AFF4,88240
AFG3L2,48284
AFMID,20345
AFTPH,68707
AGA,11664
AGAP2,18397
AGAP3,58606
AGBL5,28259
AGER,3355
AGFG1,89066
AGFG2,29018
AGGF1,35984
AGK,103967
AGL,73663
AGMAT,13353
AGO1,60725
AGO2,115478
AGO4,49875
AGPAT1,9885
AGPAT2,14315
AGPAT3,122370
AGPAT5,52862
AGPS,174279
AGRN,35999
AHCTF1,92851
AHCY,31535
AHCYL1,38978
AHNAK,122694
AHSA1,11603
AICDA,11088
AIF1,1805
AIFM1,41214
AIFM2,34712
AIMP1,33913
AIMP2,14580
AIP,22981
AJM1,6324
AK2,73011
AK3,32488
AK4,84597
AK6,19030
AKAP1,36255
AKAP10,74042
AKAP11,51110
AKAP13,368788
AKAP17A,10917
AKAP5,9005
AKAP8,26431
AKAP8L,39092
AKAP9,169834
AKIP1,8946
AKIRIN1,14784
AKIRIN2,27374
AKNA,60250
AKR1A1,19507
AKR1B1,16929
AKR7A2,8180
AKT1,26403
AKT1S1,9427
AKT2,55220
AKTIP,13372
ALAD,14979
ALAS1,16242
ALCAM,209992
ALDH16A1,17826
ALDH18A1,50771
ALDH1B1,5960
ALDH3A2,37625
ALDH4A1,31295
ALDH5A1,42341
ALDH6A1,27646
ALDH9A1,36347
ALDOA,6294
ALDOC,3834
ALG1,53678
ALG10,7227
ALG10B,12960
ALG12,18210
ALG13,94839
ALG2,5518
ALG3,7248
ALG8,44417
ALKBH1,35620
ALKBH2,5444
ALKBH4,8626
ALKBH5,26877
ALKBH6,5120
ALKBH7,2457
ALKBH8,63016
ALOX5,71944
ALYREF,3752
AMD1,24110
AMDHD2,11066
AMER1,20592
AMER2,10610
AMFR,64094
AMMECR1L,24338
AMN,10934
AMPD2,15948
AMZ2,52232
ANAPC11,10202
ANAPC13,9011
ANAPC15,6403
ANAPC16,19861
ANAPC2,13777
ANAPC4,41236
ANAPC5,91652
ANAPC7,30831
ANGEL1,40238
ANGEL2,23686
ANGPTL6,10341
ANKFY1,100175
ANKIB1,155410
ANKLE1,6002
ANKLE2,36330
ANKRA2,13478
ANKRD10,36530
ANKRD11,222932
ANKRD12,149758
ANKRD13A,40578
ANKRD13B,24993
ANKRD13D,13186
ANKRD17,185423
ANKRD27,79592
ANKRD28,192536
ANKRD33B,93747
ANKRD34A,5135
ANKRD37,4608
ANKRD40,14717
ANKRD44,344157
ANKRD46,50033
ANKRD49,5600
ANKRD52,20578
ANKRD54,18473
ANKRD9,8033
ANKZF1,6897
ANLN,63971
ANO6,266294
ANO8,11633
ANO9,24079
ANP32A,42363
ANP32B,32603
ANP32D,1064
ANP32E,17740
ANTKMT,2010
ANXA11,54684
ANXA2,55750
ANXA2R,3938
ANXA5,29050
ANXA6,57110
ANXA7,38976
AP1AR,41371
AP1B1,60904
AP1G1,80202
AP1G2,8506
AP1M1,48053
AP1S1,7141
AP1S2,29126
AP2A1,40114
AP2A2,87365
AP2B1,148368
AP2M1,9526
AP2S1,12711
AP3D1,63481
AP3M1,30588
AP3M2,18728
AP3S1,72490
AP4B1,11008
AP4E1,97224
AP4M1,8797
AP5B1,7079
AP5M1,29819
AP5S1,8315
AP5Z1,18783
APAF1,90144
APBA3,10921
APBB1IP,129463
APBB3,6514
APC,138742
APEH,9958
APEX1,2582
APEX2,8695
APH1A,4182
APH1B,33109
API5,32567
APLP2,76665
APMAP,29827
APOBEC3B,10458
APOBEC3C,6096
APOBEC3D,12165
APOBEC3F,15369
APOBEC3G,10677
APOBEC3H,6844
APOBR,4322
APOL1,14460
APOL2,13746
APOL3,25849
APOL6,19959
APOM,5795
APPBP2,83085
APPL1,50380
APRT,2599
AQR,117961
ARAF,10704
ARAP1,108531
ARCN1,30644
AREL1,59681
ARF1,16505
ARF3,21765
ARF4,26858
ARF5,3315
ARF6,3976
ARFGAP1,17006
ARFGAP2,12827
ARFGAP3,61605
ARFGEF1,170271
ARFGEF2,114983
ARFIP2,6797
ARFRP1,9384
ARG2,31789
ARGLU1,26465
ARHGAP1,23540
ARHGAP11A,24798
ARHGAP11B,25036
ARHGAP17,96278
ARHGAP18,134046
ARHGAP19,70501
ARHGAP27,40520
ARHGAP30,23025
ARHGAP31,126332
ARHGAP33,14291
ARHGAP35,144081
ARHGAP4,27633
ARHGAP45,20706
ARHGAP9,16551
ARHGDIA,3658
ARHGDIB,19698
ARHGEF1,46978
ARHGEF12,153525
ARHGEF17,61113
ARHGEF18,123549
ARHGEF2,60220
ARHGEF39,16992
ARHGEF6,115386
ARHGEF7,191179
ARID1A,88869
ARID1B,434760
ARID3A,50159
ARID3B,56926
ARID4A,75384
ARID4B,196586
ARID5A,15892
ARIH1,128658
ARIH2,67562
ARL1,14657
ARL10,36379
ARL11,5366
ARL14,1289
ARL14EP,15120
ARL16,2611
ARL2,8025
ARL2BP,8377
ARL3,40667
ARL4A,4103
ARL4C,4041
ARL5A,39509
ARL5B,22209
ARL6IP1,9904
ARL6IP5,21156
ARL6IP6,44750
ARL8A,11340
ARL8B,58663
ARMC1,31760
ARMC10,24879
ARMC5,9087
ARMC6,26737
ARMC7,20321
ARMCX2,4570
ARMCX3,5047
ARMCX5,4992
ARMCX6,2884
ARMT1,17844
ARNT,66996
ARNTL2,92454
ARPC1B,20568
ARPC2,37216
ARPC3,15600
ARPC4,14607
ARPC5,14938
ARPC5L,15604
ARPP19,22839
ARRB2,10904
ARRDC1,9676
ARRDC2,12971
ARRDC3,14687
ARSA,5420
ARV1,21753
ASAH1,29007
ASB1,25509
ASB16,8638
ASB2,42574
ASB6,7566
ASB7,49113
ASB8,33425
ASCC1,121103
ASCC2,49696
ASCL1,2840
ASF1A,15020
ASF1B,17102
ASH1L,227895
ASH2L,38584
ASL,18898
ASMTL,50624
ASNSD1,9447
ASPHD2,15756
ASPM,62574
ASPSCR1,40600
ASTE1,13775
ASXL1,80990
ASXL2,144735
ATAD1,89850
ATAD2,96501
ATAD3A,22524
ATAD3B,26084
ATAD5,63904
ATAT1,19982
ATF1,57453
ATF2,96133
ATF4,2989
ATF5,5234
ATF6B,12990
ATF7IP,137256
ATG10,304835
ATG101,8250
ATG12,13638
ATG13,57292
ATG14,45440
ATG16L1,85624
ATG16L2,29269
ATG2A,22666
ATG2B,84147
ATG3,29537
ATG4B,36645
ATG4D,9524
ATG9A,10338
ATIC,37818
ATL2,83332
ATL3,47835
ATM,146059
ATMIN,11509
ATN1,17859
ATOX1,30217
ATP10D,108212
ATP11A,197131
ATP11B,128127
ATP13A1,18479
ATP13A2,25971
ATP13A3,95693
ATP1A1,37594
ATP1B3,50426
ATP2A2,70338
ATP2A3,40595
ATP2B1,121252
ATP2C1,166118
ATP5F1A,24087
ATP5F1B,7810
ATP5F1C,19669
ATP5F1D,3080
ATP5F1E,6871
ATP5IF1,10798
ATP5MC1,3107
ATP5MC2,44683
ATP5MC3,5453
ATP5ME,1895
ATP5MF,17712
ATP5MG,31933
ATP5MJ,15982
ATP5MK,7452
ATP5PB,13910
ATP5PD,8123
ATP5PF,19171
ATP5PO,12362
ATP6AP1,7884
ATP6AP2,27477
ATP6V0A1,63739
ATP6V0A2,49403
ATP6V0B,3809
ATP6V0D1,43168
ATP6V0E1,51675
ATP6V0E2,18237
ATP6V1A,65024
ATP6V1B2,29439
ATP6V1C1,51989
ATP6V1C2,64011
ATP6V1E1,36614
ATP6V1F,2992
ATP6V1FNB,5718
ATP6V1G1,11210
ATP6V1G2,3984
ATP8A1,248749
ATP8B2,25780
ATPAF1,41131
ATPSCKMT,24391
ATR,129727
ATRAID,5138
ATRIP,20936
ATRX,281354
ATXN10,173510
ATXN1L,76830
ATXN2L,14239
ATXN3,62126
ATXN3L,1407
ATXN7,140308
ATXN7L2,9326
ATXN7L3,8309
ATXN7L3B,7596
AUNIP,27546
AUP1,3116
AURKA,22949
AURKAIP1,1478
AURKB,5868
AVL9,93301
AXIN1,65284
AZI2,34048
AZIN1,67754
B2M,7494
B3GALNT2,57263
B3GALT4,7710
B3GALT6,2805
B3GALT9,9385
B3GAT2,100382
B3GAT3,6859
B3GNT2,28617
B3GNT4,5272
B3GNT7,5455
B3GNT9,2895
B4GALT1,63275
B4GALT2,12228
B4GALT3,6659
B4GALT4,29215
B4GALT5,80934
B4GALT6,63591
B4GALT7,10199
B4GAT1,2256
BABAM1,13874
BACE1,31028
BAD,14875
BAG1,16901
BAG2,17508
BAG3,26440
BAG4,36769
BAG5,6113
BAG6,13678
BAHD1,28516
BAIAP2L1,109441
BAIAP3,15804
BAK1,7747
BANF1,1922
BAP1,9001
BARD1,84038
BASP1,211246
BATF,24539
BATF3,13424
BAX,6984
BAZ1A,122917
BAZ1B,81888
BAZ2A,41221
BBC3,11945
BBIP1,20472
BBLN,3660
BBS10,3942
BCAN,18143
BCAP31,24074
BCAS1,133818
BCAS2,14073
BCAS4,82284
BCAT1,139078
BCAT2,15968
BCCIP,30150
BCDIN3D,7064
BCKDK,6685
BCL10,10857
BCL2,196783
BCL2A1,10305
BCL2L1,59538
BCL2L10,3513
BCL2L12,8775
BCL2L13,102001
BCL2L2,12962
BCL3,12340
BCL7B,21335
BCL9L,32052
BCLAF1,33225
BCOR,127515
BCS1L,4680
BDH1,63541
BDH2,22279
BDP1,112170
BECN1,23217
BEST1,15453
BET1,41621
BET1L,39616
BFAR,36306
BHLHA15,4019
BHLHE40,5887
BICD2,53471
BICRAL,121601
BID,40633
BIN2,43631
BIN3,48731
BIRC2,31460
BIRC3,21954
BIRC5,11451
BIRC6,262549
BIRC7,4613
BIVM,42415
BLCAP,35460
BLK,77706
BLM,98821
BLMH,43854
BLNK,82417
BLOC1S1,4050
BLOC1S2,13401
BLOC1S3,38150
BLOC1S4,1491
BLOC1S5,50830
BLOC1S6,28732
BLVRA,48663
BLVRB,18000
BLZF1,28571
BMF,21003
BMI1,10386
BMP4,9026
BMS1,52143
BNIP1,19946
BNIP2,30194
BNIP3,14284
BNIP3L,122583
BOD1,9515
BOD1L1,58988
BOLA1,12909
BOLA3,12513
BOP1,29394
BORA,28450
BORCS6,1836
BORCS7,10703
BORCS8,15689
BPGM,33006
BPNT1,32981
BPNT2,35937
BPTF,158876
BRAP,43811
BRAT1,17885
BRCA1,125951
BRCA2,85183
BRCC3,51658
BRD1,54591
BRD2,12912
BRD3,38231
BRD3OS,9186
BRD4,97027
BRD7,55502
BRD8,39184
BRD9,42511
BRF2,6594
BRI3,58063
BRI3BP,37587
BRICD5,1653
BRIX1,10320
BRK1,11516
BRMS1,7793
BROX,22644
BRPF1,16291
BRPF3,36047
BRWD1,137384
BRWD3,140375
BSDC1,30099
BSG,12218
BST2,2692
BTAF1,107668
BTBD1,50830
BTBD2,49444
BTBD6,2561
BTBD7,95543
BTF3,7260
BTF3L4,34518
BTG1,5569
BTG2,4112
BTG3,19293
BTK,41459
BTLA,35507
BTN2A1,18718
BTN2A2,11779
BTN3A1,12972
BTN3A2,13162
BTN3A3,12944
BTNL9,21297
BUB1,40536
BUB1B,60101
BUB3,16066
BUD13,24818
BUD23,22137
BUD31,10976
BYSL,11548
BZW1,16745
C10orf88,23411
C10orf95,1707
C11orf1,7041
C11orf24,10664
C11orf54,23159
C11orf58,145209
C11orf68,2253
C11orf71,9069
C12orf29,16315
C12orf4,50774
C12orf43,16017
C12orf57,3026
C12orf73,24946
C12orf75,160808
C12orf76,46609
C14orf119,4952
C14orf28,9983
C14orf93,24273
C15orf39,16527
C15orf40,23201
C15orf61,9016
C15orf62,2470
C16orf54,3528
C16orf72,29992
C16orf86,1944
C16orf87,34578
C16orf91,1005
C17orf49,3031
C17orf58,5371
C17orf75,25459
C17orf80,16727
C18orf21,6662
C18orf25,93440
C18orf32,10010
C18orf54,27313
C19orf12,16853
C19orf25,18077
C19orf44,24959
C19orf47,28992
C19orf53,4318
C19orf54,10698
C19orf71,4860
C19orf73,742
C1GALT1C1,4381
C1QBP,16054
C1QTNF6,19220
C1RL,19652
C1orf109,10680
C1orf115,8791
C1orf122,2476
C1orf131,17425
C1orf159,34544
C1orf174,11169
C1orf216,5018
C1orf35,4686
C1orf43,13942
C1orf50,12247
C1orf52,9720
C1orf54,12717
C1orf56,4236
C1orf74,5352
C20orf204,5619
C20orf27,14274
C20orf96,19916
C21orf58,23695
C21orf91,30413
C22orf15,2874
C2CD2,68907
C2CD2L,16347
C2CD4D,2740
C2CD5,95964
C2orf49,11680
C2orf68,6813
C2orf69,44643
C3orf38,18771
C3orf52,44670
C3orf62,8637
C4orf3,8027
C4orf33,23324
C4orf46,5581
C4orf48,1970
C5orf15,13165
C5orf22,22767
C5orf24,14056
C5orf34,28440
C6orf120,4235
C6orf136,6172
C6orf226,557
C6orf47,2481
C6orf62,15138
C6orf89,57095
C7orf50,141275
C8orf33,14221
C8orf58,4552
C8orf82,3400
C9orf40,6330
C9orf64,18676
C9orf72,38227
C9orf78,8574
CAAP1,52119
CAB39,108234
CABIN1,167437
CABLES1,125907
CABLES2,18652
CABP7,11831
CACNB1,24251
CACTIN,16171
CACUL1,81083
CACYBP,12865
CAD,26575
CALCOCO1,19229
CALCOCO2,35505
CALHM1,5661
CALHM2,5617
CALM1,11767
CALM2,16838
CALM3,9709
CALML4,15375
CALR,5912
CALU,34109
CAMK2G,62091
CAMK2N2,2341
CAMK4,271234
CAMKK2,60634
CAMLG,13663
CAMP,2145
CAMSAP1,99060
CAMSAP2,121812
CAMTA2,19684
CAND1,50596
CANT1,18152
CANX,53014
CAP1,32417
CAPG,23680
CAPN1,31441
CAPN10,30972
CAPN12,39718
CAPN15,26925
CAPN2,74426
CAPN7,46765
CAPNS1,10401
CAPRIN1,50880
CAPS,3873
CAPZA1,51812
CAPZA2,110980
CAPZB,146765
CARD11,138087
CARD6,18868
CARD8,75177
CARF,76050
CARHSP1,16071
CARM1,51523
CARMIL2,12582
CARNMT1,47634
CARS1,56692
CARS2,72192
CASC3,31854
CASD1,47801
CASKIN1,19426
CASP1,9854
CASP10,46557
CASP2,19482
CASP3,22367
CASP4,26501
CASP6,14962
CASP7,51746
CASP8AP2,44543
CAST,254329
CAT,33127
CBFA2T3,102350
CBFB,72075
CBL,107629
CBLB,214092
CBLL1,18595
CBLN3,4410
CBR1,3226
CBR3,11484
CBR4,146506
CBX1,31427
CBX2,9836
CBX3,12446
CBX4,6285
CBX5,49192
CBX6,10828
CBX7,32514
CBX8,9552
CBY1,17219
CC2D1A,24679
CC2D1B,20483
CCAR1,71366
CCAR2,16208
CCDC106,12100
CCDC107,3222
CCDC115,4767
CCDC117,16628
CCDC12,60285
CCDC120,16286
CCDC121,3375
CCDC124,10977
CCDC125,52635
CCDC126,47327
CCDC127,21286
CCDC134,31486
CCDC137,7168
CCDC14,64104
CCDC142,11423
CCDC152,45622
CCDC159,10261
CCDC163,6214
CCDC167,16956
CCDC174,20898
CCDC18,98812
CCDC186,53371
CCDC22,15051
CCDC25,39338
CCDC28A,19551
CCDC28B,4859
CCDC32,36372
CCDC34,32408
CCDC43,16711
CCDC47,31097
CCDC50,69575
CCDC51,8293
CCDC6,117810
CCDC69,43042
CCDC71,3797
CCDC71L,6799
CCDC74A,5992
CCDC74B,5848
CCDC77,53370
CCDC78,4373
CCDC82,40716
CCDC85B,963
CCDC85C,104018
CCDC86,8969
CCDC88A,132054
CCDC88B,17331
CCDC88C,146522
CCDC9,17722
CCDC90B,27310
CCDC93,98656
CCDC97,14702
CCHCR1,15800
CCL22,7407
CCL3,1914
CCL3L1,1890
CCL4,1795
CCL4L2,1955
CCL5,9303
CCM2,76995
CCNA2,7440
CCNB1,11111
CCNB1IP1,21945
CCNB2,19920
CCNC,26439
CCND2,35583
CCNDBP1,12060
CCNE1,12322
CCNE2,16909
CCNF,29461
CCNG1,8583
CCNH,94515
CCNI,29155
CCNI2,6978
CCNJ,17477
CCNK,53876
CCNL1,14253
CCNL2,13625
CCNQ,12121
CCNT1,28541
CCNT2,41108
CCP110,29598
CCR10,5029
CCR7,11704
CCR8,3972
CCS,12867
CCT2,16145
CCT3,58906
CCT4,20587
CCT5,16461
CCT6A,12305
CCT7,19602
CCT8,17993
CD151,6945
CD164,15954
CD180,17187
CD19,7378
CD200,30466
CD22,28101
CD27,6764
CD274,20064
CD2AP,149475
CD2BP2,4536
CD300A,18396
CD302,29628
CD320,6232
CD37,8165
CD3E,11446
CD40,11593
CD44,93521
CD46,43477
CD47,48772
CD48,33086
CD52,2566
CD53,28735
CD55,65286
CD58,56506
CD59,33470
CD63,4385
CD68,2621
CD69,8416
CD70,20921
CD74,11333
CD79A,4094
CD79B,3599
CD80,35322
CD81,21626
CD82,55932
CD83,19663
CD84,38422
CD86,65778
CD9,38557
CD99,50123
CDAN1,13585
CDC123,54625
CDC16,37837
CDC20,4223
CDC23,25694
CDC25A,31272
CDC25B,19350
CDC27,71720
CDC34,10333
CDC37,28989
CDC37L1,28841
CDC40,74135
CDC42EP3,96587
CDC42SE1,19355
CDC42SE2,152955
CDC45,41156
CDC5L,62720
CDC6,16779
CDC7,24914
CDCA2,48713
CDCA3,6500
CDCA4,11511
CDCA5,17865
CDCA7,14178
CDCA7L,45005
CDCA8,17239
CDH1,98246
CDIPT,5058
CDK1,16522
CDK10,15618
CDK11B,23788
CDK12,103422
CDK13,149460
CDK16,12138
CDK17,122220
CDK2,6009
CDK2AP1,22223
CDK2AP2,2153
CDK4,8287
CDK5,4083
CDK5R1,4261
CDK5RAP1,42723
CDK5RAP2,191296
CDK5RAP3,13972
CDK6,231653
CDK7,42636
CDK9,5114
CDKN1A,10878
CDKN1B,36872
CDKN2A,27550
CDKN2AIP,4430
CDKN2AIPNL,9817
CDKN2C,13890
CDKN2D,2600
CDKN3,23370
CDPF1,6301
CDR2,91230
CDS2,71009
CDT1,5470
CDV3,16576
CEBPB,1839
CEBPG,9002
CEBPZ,29985
CEBPZOS,19706
CELF1,99637
CELF2,538279
CELSR3,26424
CEMP1,1383
CENATAC,17656
CEND1,2999
CENPA,36779
CENPB,2890
CENPC,76742
CENPE,93097
CENPF,61377
CENPH,20784
CENPI,67939
CENPJ,40611
CENPK,45403
CENPL,25334
CENPM,8416
CENPN,26563
CENPO,29241
CENPQ,29738
CENPT,19655
CENPU,40046
CENPV,11123
CENPW,8761
CENPX,5406
CEP104,45311
CEP120,78703
CEP131,33407
CEP135,84491
CEP152,98219
CEP164,98710
CEP19,5974
CEP192,133691
CEP20,22907
CEP250,64117
CEP290,93084
CEP295,68677
CEP350,160103
CEP41,48663
CEP43,95473
CEP44,49651
CEP55,32481
CEP57,42729
CEP68,30639
CEP76,40945
CEP78,43629
CEP85,44609
CEP95,35597
CEP97,45970
CEPT1,45626
CERK,53843
CERKL,145625
CERS2,14421
CERS5,38245
CERT1,155794
CES2,10653
CETN2,3764
CETN3,17510
CFAP119,4799
CFAP126,3144
CFAP157,9015
CFAP20,15790
CFAP36,25476
CFAP410,10459
CFAP73,9553
CFAP97,49840
CFL1,39005
CFL2,5711
CFLAR,60534
CGAS,38783
CGGBP1,97942
CHAC2,7393
CHAF1A,42379
CHAF1B,33624
CHAMP1,23145
CHCHD1,1606
CHCHD10,2139
CHCHD2,4904
CHCHD4,12794
CHCHD5,5036
CHCHD7,7124
CHD1,75023
CHD2,127808
CHD3,27965
CHD4,44443
CHD6,216302
CHD7,189289
CHD8,70933
CHD9,274160
CHEK1,51093
CHEK2,54680
CHERP,24544
CHI3L2,42670
CHID1,47200
CHKA,68586
CHML,11519
CHMP1A,16923
CHMP1B,3032
CHMP2A,3654
CHMP2B,28286
CHMP3,60050
CHMP4A,4216
CHMP4B,43019
CHMP5,17192
CHMP6,17920
CHMP7,18364
CHORDC1,22649
CHP1,51049
CHPF,4856
CHPF2,8497
CHRAC1,5844
CHRNA5,29750
CHRNB1,12650
CHST10,25809
CHST14,2175
CHST2,4244
CHSY1,76322
CHTF18,12692
CHTOP,12325
CHUK,41297
CHURC1,30231
CIAO1,8015
CIAO2A,21293
CIAO2B,2359
CIAO3,11570
CIAPIN1,19234
CIART,4551
CIB1,4073
CIBAR1,32967
CIC,27261
CIDEB,6244
CIITA,76800
CINP,21815
CIP2A,39781
CIPC,19162
CIR1,47691
CIRBP,15497
CISD1,20425
CISD2,23834
CISD3,5265
CIT,191530
CITED2,2842
CIZ1,43133
CKAP2,21200
CKAP2L,28316
CKAP4,66399
CKAP5,103261
CKS1B,4599
CKS2,5509
CLASRP,31912
CLBA1,24708
CLCC1,81643
CLCN3,111041
CLCN6,41984
CLCN7,30144
CLDN15,6729
CLDND1,25155
CLDND2,1906
CLEC17A,28952
CLIC1,9183
CLIC4,98940
CLIC6,49234
CLINT1,73403
CLIP1,151238
CLIP2,116529
CLIP4,102073
CLK1,11683
CLK2,15624
CLK3,46915
CLK4,27952
CLMN,137969
CLN5,28484
CLN6,50220
CLNS1A,122859
CLP1,13678
CLPP,8712
CLPTM1,38757
CLPTM1L,27348
CLPX,37124
CLSPN,49761
CLSTN1,95059
CLSTN3,29248
CLTA,113926
CLTB,24039
CLTC,77273
CLUH,23278
CMAS,19457
CMC1,83559
CMC2,53823
CMKLR1,51274
CMPK1,61077
CMTM3,10019
CMTM6,21541
CMTR1,49609
CMTR2,8327
CNBP,16096
CNDP2,27639
CNEP1R1,12679
CNIH1,17831
CNIH4,22602
CNN2,12483
CNNM3,19138
CNNM4,50973
CNOT1,109935
CNOT10,88731
CNOT11,17431
CNOT2,111992
CNOT3,17933
CNOT6,83980
CNOT7,21913
CNOT8,19240
CNOT9,28501
CNP,10978
CNPPD1,6210
CNPY2,6278
CNPY3,9815
CNPY4,5875
CNR1,26484
CNR2,42848
CNST,102152
CNTD1,12788
CNTF,3069
CNTNAP1,17463
CNTRL,103070
CNTROB,17820
COA1,121262
COA3,3558
COA4,4235
COA5,9202
COA6,11625
COA7,13899
COASY,4811
COCH,20552
COG1,15453
COG2,51502
COG3,71804
COG4,42993
COG8,19444
COIL,22852
COL4A3,150169
COL9A2,17325
COLGALT1,27514
COMMD2,14024
COMMD3,3921
COMMD4,7205
COMMD5,12695
COMMD6,24226
COMMD7,40769
COMMD8,12916
COMMD9,20166
COMT,28605
COMTD1,2390
COPA,54973
COPB1,56588
COPB2,35791
COPE,19874
COPG1,28168
COPRS,7421
COPS2,49594
COPS3,34658
COPS4,41372
COPS5,40705
COPS6,3219
COPS7A,7862
COPS7B,27584
COPS8,14593
COPS9,10245
COPZ1,50645
COQ10A,4077
COQ10B,21818
COQ2,23379
COQ3,24795
COQ4,11529
COQ5,31156
COQ6,13745
COQ7,12482
COQ8B,34271
COQ9,13846
CORO1A,6250
CORO1B,8312
CORO1C,86418
CORO6,8157
COTL1,52483
COX11,16802
COX14,8376
COX15,21260
COX17,22942
COX18,17394
COX20,9442
COX4I1,8436
COX5A,18293
COX5B,2322
COX6A1,2648
COX6B1,10460
COX6C,20508
COX7A2,12649
COX7A2L,91543
COX7B,7937
COX7C,3035
COX8A,1924
CPD,91063
CPEB4,73632
CPLANE2,5492
CPNE1,38926
CPNE3,47064
CPNE5,98670
CPNE7,21489
CPOX,14203
CPSF1,16107
CPSF2,50177
CPSF3,49451
CPSF4,18452
CPSF6,34790
CPSF7,27391
CPT1B,9605
CPT2,17406
CPTP,4141
CR2,36872
CRACR2B,5848
CRBN,35100
CRCP,39965
CREB1,76252
CREB3,4402
CREB3L2,127108
CREB3L4,6828
CREB5,526574
CREBBP,155660
CREBL2,33282
CREBZF,25167
CREG1,24689
CRELD1,11621
CRELD2,9374
CREM,86168
CRIP1,2631
CRIPT,13761
CRK,42474
CRKL,36341
CRLF3,55305
CRNKL1,21679
CRTAP,33760
CRTC2,10947
CRTC3,115423
CRY2,36131
CRYBG1,211301
CRYBG3,122974
CRYGS,8262
CRYZ,27927
CS,28693
CSAD,23263
CSDE1,41764
CSE1L,50715
CSF1,20751
CSF2RB,26812
CSGALNACT2,46858
CSK,21118
CSKMT,3188
CSNK1A1,58490
CSNK1A1L,2406
CSNK1D,34678
CSNK1E,27394
CSNK1G2,40167
CSNK2A1,71338
CSNK2A2,40200
CSNK2A3,1309
CSNK2B,5117
CSRNP1,12708
CSRNP2,22460
CSRP1,25927
CST3,11768
CSTB,3820
CSTF1,13992
CSTF2,21162
CSTF2T,4110
CSTF3,85184
CTBP1,38889
CTBS,24870
CTC1,23244
CTCF,76711
CTDNEP1,8901
CTDP1,74701
CTDSP1,7686
CTDSP2,26803
CTDSPL2,101417
CTNNA1,324068
CTNNAL1,70954
CTNNB1,65356
CTNS,26645
CTPS1,33266
CTR9,50380
CTRL,4726
CTSA,8806
CTSB,27010
CTSC,94616
CTSD,11822
CTSH,28517
CTSO,32333
CTSS,35879
CTSZ,22553
CTU1,10804
CTU2,8914
CUEDC2,9340
CUL1,103197
CUL2,118503
CUL3,115248
CUL4A,58916
CUL4B,98155
CUL5,98864
CUL7,16327
CUL9,42404
CUTA,1876
CUTC,53577
CWC15,10967
CWC22,62422
CWC25,24915
CWF19L1,35383
CXCL10,2380
CXCL9,6235
CXCR3,2596
CXCR4,4829
CXXC1,5497
CXXC4,26594
CXXC5,36584
CXorf38,20641
CYB561A3,13530
CYB561D1,8881
CYB561D2,7616
CYB5A,41128
CYB5B,67863
CYB5D1,4537
CYB5R1,5403
CYB5R3,105141
CYB5R4,107768
CYB5RL,30386
CYBA,7809
CYBB,33444
CYBC1,9918
CYBRD1,35883
CYC1,2487
CYCS,6605
CYFIP1,114012
CYFIP2,129517
CYHR1,16086
CYLD,59886
CYP2R1,14792
CYP4V2,21897
CYREN,78433
CYRIB,177912
CYSLTR1,56224
CYTH1,108250
CYTH2,13107
CYTH3,110869
CYTH4,33315
CYTIP,74343
CZIB,6536
D2HGDH,34215
DAD1,24318
DAG1,66906
DALRD3,6806
DAP,82005
DAP3,51051
DAPK1,211407
DAPK3,12671
DAPP1,53364
DARS1,80220
DARS2,34156
DAXX,4459
DAZAP1,28119
DAZAP2,32639
DBF4,33338
DBF4B,43657
DBI,5627
DBN1,17794
DBNDD1,15020
DBNL,24817
DBP,7350
DBR1,13962
DBT,62916
DCAF1,104149
DCAF10,67113
DCAF11,11048
DCAF12,41013
DCAF13,28740
DCAF15,8941
DCAF16,10104
DCAF17,50836
DCAF4,33327
DCAF5,102270
DCAF6,140061
DCAF7,44065
DCAF8,46835
DCAKD,37794
DCK,38377
DCLRE1A,19659
DCLRE1B,9468
DCLRE1C,57074
DCP1A,64158
DCP2,45494
DCPS,45946
DCTD,27877
DCTN1,30934
DCTN2,17592
DCTN3,6979
DCTN4,50656
DCTN5,36007
DCTN6,27321
DCTPP1,6416
DCUN1D1,47880
DCUN1D2,35133
DCUN1D4,73838
DCUN1D5,41509
DCXR,2574
DDA1,13781
DDAH2,3580
DDB1,43146
DDB2,24753
DDHD1,116579
DDHD2,50341
DDI2,51587
DDIAS,58303
DDIT3,5150
DDIT4,2118
DDN,4227
DDOST,9778
DDR1,23736
DDRGK1,14336
DDTL,5669
DDX1,43169
DDX11,30940
DDX17,24223
DDX18,17687
DDX19A,26523
DDX20,20771
DDX21,28934
DDX23,23087
DDX24,32916
DDX27,24731
DDX28,2317
DDX31,77405
DDX39A,10586
DDX39B,12230
DDX3X,31125
DDX41,5385
DDX42,45715
DDX46,96363
DDX47,16666
DDX49,9485
DDX5,9946
DDX50,45562
DDX51,7726
DDX52,33708
DDX54,28307
DDX55,18867
DDX56,9248
DDX59,46012
DDX6,43402
DECR1,52229
DECR2,10630
DEDD,11715
DEDD2,21543
DEF6,23954
DEF8,19364
DEGS1,17686
DEGS2,15689
DEK,40689
DELE1,18193
DENND11,45439
DENND1C,15351
DENND2D,18567
DENND3,78531
DENND4A,134248
DENND4B,17218
DENND4C,143847
DENND5A,127135
DENND6B,17983
DENR,18241
DEPDC1,23070
DEPDC1B,103279
DEPP1,7829
DERL1,29133
DERL2,15558
DERL3,4626
DESI1,23016
DESI2,55931
DEXI,13578
DFFA,16008
DFFB,28163
DGAT1,12327
DGCR2,86173
DGCR6L,5843
DGCR8,31646
DGKA,26709
DGKD,117611
DGKE,35461
DGKH,216543
DGKQ,28009
DGKZ,47650
DGLUCY,165300
DGUOK,32136
DHCR24,37569
DHCR7,24676
DHDDS,39025
DHFR,28758
DHFR2,15554
DHODH,19077
DHPS,6164
DHRS1,9183
DHRS11,8926
DHRS13,5299
DHRS4,15546
DHRS7,25738
DHTKD1,54268
DHX15,67114
DHX16,19888
DHX29,51640
DHX30,47287
DHX32,60100
DHX33,28066
DHX34,33390
DHX36,51942
DHX37,42307
DHX38,19300
DHX40,42788
DHX57,78206
DHX58,11311
DHX8,126474
DHX9,48636
DIAPH1,104040
DICER1,71783
DIDO1,60215
DIMT1,56660
DIP2A,111125
DIP2B,243673
DIPK2A,76897
DIS3,29928
DIS3L,40682
DKC1,14948
DLAT,38997
DLD,40569
DLGAP5,43497
DLST,21853
DMAC2,9400
DMAC2L,23235
DMAP1,7227
DMKN,16439
DMPK,12844
DMTF1,43929
DMWD,9899
DMXL1,211367
DNA2,58058
DNAAF2,10071
DNAAF5,59777
DNAJA1,14635
DNAJA2,18313
DNAJA3,30971
DNAJB1,45623
DNAJB11,18398
DNAJB12,22320
DNAJB14,50371
DNAJB2,7557
DNAJB4,38790
DNAJB5,9260
DNAJB6,82059
DNAJB7,2565
DNAJB9,4984
DNAJC10,78210
DNAJC11,67757
DNAJC13,121531
DNAJC14,9865
DNAJC15,91011
DNAJC17,42318
DNAJC18,35904
DNAJC19,6078
DNAJC2,32542
DNAJC21,29406
DNAJC24,62996
DNAJC25,23018
DNAJC27,28459
DNAJC3,117850
DNAJC30,2536
DNAJC4,4009
DNAJC5,40906
DNAJC7,44956
DNAJC8,33574
DNAJC9,63894
DNASE1,68416
DNASE1L1,10877
DNASE1L2,2896
DNASE1L3,22441
DNASE2,6387
DND1,2783
DNHD1,96499
DNM1L,66451
DNM2,115434
DNMBP,134371
DNMT1,97945
DNMT3A,114736
DNPEP,27980
DNPH1,3853
DNTTIP1,19474
DNTTIP2,13635
DOC2A,17757
DOCK2,446115
DOCK8,250406
DOHH,9854
DOK1,8526
DOK3,9371
DOLK,2074
DOLPP1,9328
DONSON,29165
DOP1A,103685
DOT1L,68646
DPAGT1,12307
DPF2,20411
DPH1,13762
DPH2,3370
DPH3,7909
DPH5,36466
DPH7,24482
DPM1,24274
DPM2,2756
DPM3,705
DPP3,29645
DPP7,4632
DPP8,75242
DPP9,50333
DPY19L3,80353
DPYSL2,144148
DR1,23587
DRAM2,23041
DRAP1,2290
DRG2,20079
DSCC1,21919
DSE,190689
DSG2,50832
DSN1,22028
DST,496844
DSTN,39845
DTD2,11471
DTL,71848
DTWD1,35196
DTX3,5183
DTX3L,10866
DTX4,37159
DTYMK,11198
DUS1L,8382
DUS3L,6394
DUS4L,15040
DUSP1,3100
DUSP10,40666
DUSP11,18351
DUSP12,7481
DUSP14,23611
DUSP16,89582
DUSP2,2272
DUSP22,59726
DUSP23,1612
DUSP28,5203
DUSP3,12853
DUSP4,17621
DUSP5,13627
DUSP7,7653
DUT,12363
DVL1,14143
DVL2,9176
DVL3,18238
DXO,2481
DYNC1H1,91871
DYNC1I2,62750
DYNC1LI1,44885
DYNC1LI2,30717
DYNC2I2,23195
DYNLL1,28644
DYNLL2,12124
DYNLT1,8270
DYNLT3,10815
DYNLT4,1459
DYRK1A,160786
DYRK1B,8852
DYRK2,17069
DYRK3,48884
DZIP1,66505
DZIP3,105136
E2F1,10909
E2F2,24796
E2F3,91836
E2F4,6764
E2F5,40005
E2F6,21803
E2F7,44322
E2F8,17558
E4F1,12163
EAF1,23038
EAF2,51344
EAPP,23767
EARS2,36978
EBAG9,30362
EBI3,8006
EBLN2,1679
EBNA1BP2,106762
EBP,6918
EBPL,30813
ECD,38901
ECE1,128326
ECH1,16420
ECHDC1,54898
ECHDC2,31303
ECHS1,10870
ECI1,12899
ECI2,19905
ECPAS,124061
ECSIT,23244
ECT2,70793
EDC3,65735
EDC4,11448
EDEM1,32313
EDEM2,31973
EDEM3,64671
EDF1,4190
EDN1,6834
EDRF1,44629
EEA1,158695
EED,34061
EEF1A1,36280
EEF1AKMT3,11050
EEF1AKMT4,9088
EEF1B2,3344
EEF1D,19845
EEF1E1,29200
EEF2,9408
EEF2K,82461
EEF2KMT,13512
EFCAB14,44488
EFEMP2,7152
EFHD2,20452
EFNA4,5817
EFR3A,109550
EFR3B,117060
EFTUD2,49498
EGLN2,9439
EGR1,3825
EGR2,7172
EGR3,5822
EHBP1L1,16605
EHD1,36655
EHD3,35300
EHD4,76625
EHMT2,17940
EI24,15405
EID1,2040
EID2,1455
EID2B,1866
EID3,1467
EIF1,3784
EIF1AD,5632
EIF1AX,17314
EIF1B,2718
EIF2A,39339
EIF2AK1,36929
EIF2AK2,58313
EIF2AK3,134778
EIF2AK4,101477
EIF2B1,13361
EIF2B2,9446
EIF2B4,5987
EIF2B5,11090
EIF2D,41174
EIF2S1,26189
EIF2S2,23935
EIF2S3,23865
EIF2S3B,17534
EIF3A,47154
EIF3B,26660
EIF3D,18330
EIF3E,280710
EIF3F,31612
EIF3G,4905
EIF3H,124796
EIF3I,24321
EIF3J,25905
EIF3K,17874
EIF3L,40540
EIF3M,22467
EIF4A1,6183
EIF4A2,6693
EIF4A3,12783
EIF4B,35934
EIF4E,49858
EIF4E2,32986
EIF4EBP1,29832
EIF4EBP2,24474
EIF4EBP3,1915
EIF4ENIF1,59132
EIF4G1,20864
EIF4G2,11891
EIF4H,22892
EIF5,11482
EIF5A,5465
EIF5AL1,3908
EIF5B,63956
EIF6,6079
ELAC1,20131
ELAC2,26454
ELAVL1,47087
ELF1,129517
ELF4,46762
ELK1,15084
ELK4,34456
ELL2,76754
ELL3,4711
ELMO2,66936
ELMO3,4919
ELMOD2,29603
ELMOD3,37359
ELOA,18612
ELOB,5876
ELOC,33139
ELOF1,8084
ELOVL1,4677
ELOVL5,81782
ELP1,67431
ELP2,51114
ELP5,8525
ELP6,18073
EMB,47057
EMC1,35893
EMC10,14472
EMC2,45596
EMC3,48521
EMC4,5144
EMC6,857
EMC7,17846
EMC8,27851
EMC9,2633
EMD,2302
EME1,8264
EME2,8899
EMG1,9024
EML2,38609
EML3,10558
EML4,163196
EMP3,9045
EMSY,108109
ENC1,14019
ENDOD1,42800
ENDOG,4177
ENGASE,13776
ENKD1,4321
ENO1,18191
ENO2,9954
ENO3,9040
ENOPH1,30588
ENOSF1,42345
ENPP4,16700
ENSA,28762
ENTPD1,165488
ENTPD4,71913
ENTPD5,61390
ENTPD6,32383
ENTR1,8693
ENY2,11631
EOLA1,10156
EOLA2,9174
EP300,87486
EP400,130519
EPB41,232956
EPB41L2,223976
EPM2AIP1,8089
EPN1,34633
EPOP,3255
EPOR,7136
EPRS1,77931
EPS15,165004
ERAL1,6052
ERAP1,47291
ERAP2,43718
ERBIN,199419
ERCC1,71495
ERCC2,21082
ERCC3,36877
ERCC4,32211
ERCC5,30165
ERCC6,85371
ERCC6L,34371
ERF,7560
ERG28,11086
ERGIC1,118542
ERGIC2,43838
ERGIC3,15597
ERH,18172
ERICH1,123361
ERLEC1,46030
ERLIN1,35940
ERLIN2,21822
ERMAP,27870
ERMARD,29979
ERMN,9083
ERMP1,129706
ERN1,91740
ERO1A,55986
ERO1B,67339
ERP29,10102
ERP44,119868
ERRFI1,21906
ERV3-1,16388
ERVK3-1,11439
ESCO1,71601
ESCO2,40692
ESD,26165
ESF1,70598
ESPL1,25340
ESRRA,11247
ESS2,14406
ESYT1,26425
ESYT2,99259
ETAA1,14768
ETF1,37142
ETFA,123176
ETFB,21220
ETFDH,38775
ETFRF1,14430
ETHE1,20512
ETNK1,65591
ETS1,128798
ETS2,19773
ETV3,17284
ETV6,245704
EVA1B,2125
EVI2A,5340
EVI2B,10336
EVI5L,34759
EVL,172788
EWSR1,32517
EXO1,47182
EXO5,7298
EXOC1,51439
EXOC3,28763
EXOC5,68399
EXOC7,40561
EXOC8,5100
EXOG,46035
EXOSC1,10109
EXOSC10,33252
EXOSC2,13568
EXOSC3,72884
EXOSC4,2001
EXOSC5,10992
EXOSC6,5163
EXOSC7,60826
EXOSC8,27066
EXOSC9,15704
EXTL2,22808
EYA3,118294
EZH1,44775
EZH2,77065
EZR,53628
F11R,26133
F2RL3,3608
F8A1,1707
FAAP100,14077
FAAP20,28260
FAAP24,6021
FABP5,4242
FADD,4095
FADS1,29692
FADS2,74375
FAF2,62447
FAH,34457
FAHD1,13241
FAHD2A,13909
FAHD2B,11300
FAM102A,40408
FAM102B,84812
FAM104A,29401
FAM107B,256341
FAM110A,23749
FAM111A,12292
FAM111B,20228
FAM114A2,48789
FAM118A,32988
FAM120A,114428
FAM120AOS,22141
FAM120B,116365
FAM126A,124760
FAM136A,6116
FAM13B,114002
FAM149B1,76386
FAM161A,29296
FAM161B,18914
FAM162A,28174
FAM166A,4187
FAM167B,1635
FAM168A,197703
FAM168B,45585
FAM169A,89393
FAM174C,3715
FAM189B,8279
FAM193B,34798
FAM199X,29450
FAM200A,12237
FAM200B,8786
FAM204A,44404
FAM20B,50764
FAM210A,63317
FAM214B,12230
FAM216A,21971
FAM217B,14917
FAM219B,6892
FAM229A,3009
FAM234A,37663
FAM32A,6667
FAM3A,10084
FAM3C,47487
FAM43A,3155
FAM50A,6514
FAM50B,1948
FAM53C,17795
FAM72A,18236
FAM72B,17894
FAM76B,21457
FAM78A,18435
FAM83D,26795
FAM83G,35976
FAM83H,14302
FAM89B,1850
FAM8A1,11418
FAM91A1,47014
FAM98A,66604
FAM98B,33584
FAM98C,5996
FAN1,52550
FANCA,90295
FANCD2,75563
FANCE,14767
FANCF,3291
FANCG,6170
FANCI,73317
FANCL,82168
FANCM,64961
FAR1,63679
FARP2,138557
FARSA,11559
FARSB,89194
FAS,75793
FASN,19957
FASTK,4243
FASTKD1,45368
FASTKD2,30833
FASTKD3,9879
FASTKD5,13347
FAU,1548
FBH1,47392
FBL,11922
FBRS,12380
FBRSL1,95638
FBXL12,17550
FBXL14,28589
FBXL15,3948
FBXL19,25729
FBXL22,5076
FBXL3,34598
FBXL4,79472
FBXL5,77299
FBXL6,3946
FBXL8,4639
FBXO11,117183
FBXO17,34342
FBXO21,48480
FBXO22,38636
FBXO28,47937
FBXO3,33605
FBXO30,21294
FBXO31,65156
FBXO33,34783
FBXO34,98710
FBXO38,58902
FBXO4,16490
FBXO41,29797
FBXO42,105641
FBXO43,12467
FBXO44,8953
FBXO45,20449
FBXO46,20268
FBXO48,7873
FBXO5,13061
FBXO6,10155
FBXO7,24154
FBXO9,48883
FBXW11,145325
FBXW2,41439
FBXW4,84632
FBXW5,4304
FBXW7,215549
FBXW9,8579
FCER2,13389
FCF1,25477
FCGR2B,15512
FCGR2C,24324
FCHO1,40851
FCHSD1,12117
FCHSD2,305574
FCMR,19931
FCRLA,7381
FCRLB,6600
FCSK,25680
FDFT1,43732
FDPS,11919
FDXACB1,7188
FDXR,10535
FECH,42356
FEM1A,9540
FEM1B,18118
FEM1C,23868
FEN1,4328
FERMT3,17971
FES,12082
FFAR1,5963
FGD2,23424
FGFR1OP2,28181
FGR,23122
FH,22289
FHIP1B,23367
FHIP2A,78089
FHIP2B,15762
FHL3,8837
FHOD1,18095
FIBP,4792
FICD,10561
FIGNL1,98408
FIP1L1,83222
FIS1,12859
FITM2,8363
FIZ1,10595
FJX1,2406
FKBP11,4957
FKBP14,16116
FKBP15,60453
FKBP1A,24188
FKBP1C,1579
FKBP3,19721
FKBP4,10454
FKBP5,154999
FKBP7,14937
FKBP8,12327
FKBPL,1582
FKRP,30943
FKTN,95699
FLAD1,9774
FLCN,24977
FLI1,126733
FLII,13924
FLNA,26111
FLNB,163854
FLOT1,15024
FLOT2,18399
FLVCR1,41089
FLYWCH1,39278
FLYWCH2,16170
FMNL1,25876
FMNL3,71667
FMR1,39207
FN3KRP,13623
FNBP1,156008
FNBP4,50950
FNDC10,2124
FNDC3A,233868
FNTA,51595
FOS,3405
FOSB,7185
FOXC1,3983
FOXH1,2438
FOXJ2,22802
FOXJ3,159339
FOXK1,89148
FOXK2,124950
FOXM1,19495
FOXN2,64659
FOXO1,110975
FOXO4,7682
FOXP4,56004
FOXRED1,9108
FOXRED2,20032
FPGS,19731
FPGT,35849
FRA10AC1,34710
FRAT2,2233
FRG1,22333
FRMD8,26905
FRYL,282966
FSBP,58576
FSCN1,13840
FSD1L,104638
FSTL3,7001
FTH1,7917
FTL,1571
FTSJ1,10344
FTSJ3,10580
FUBP1,35056
FUBP3,59388
FUCA1,23214
FUCA2,16909
FUNDC1,19221
FUNDC2,34325
FUOM,2868
FURIN,14977
FUS,11468
FUT11,7976
FUT4,5975
FUZ,10511
FXR1,114613
FXR2,23668
FXYD5,15152
FYCO1,77922
FYTTD1,50418
FZD3,80063
FZD7,4587
FZR1,32024
G2E3,60907
G3BP1,41867
G3BP2,82741
G6PC3,11532
G6PD,29748
GABARAP,2442
GABARAPL2,11507
GABPA,37891
GABPB1,80020
GABPB2,54965
GADD45A,3134
GADD45B,2138
GADD45GIP1,4105
GAK,83098
GALE,5183
GALK1,13643
GALNT1,130718
GALNT10,230255
GALNT6,41621
GALNT7,155157
GALT,12903
GAMT,4545
GANAB,21901
GANC,80466
GAPDH,3863
GAPDHS,11865
GAPVD1,105414
GAR1,9231
GARS1,53501
GART,39561
GATAD1,12594
GATAD2A,123107
GATAD2B,134331
GATC,17306
GATD1,10269
GATM,41204
GBA,10248
GBA2,12363
GBF1,137529
GBP4,17799
GCA,52756
GCAT,9272
GCC1,12984
GCC2,60309
GCDH,23048
GCFC2,58986
GCH1,60819
GCHFR,3641
GCLM,24258
GCN1,67514
GCSAM,12432
GDE1,20431
GDF11,14143
GDF9,5704
GDI1,6555
GDI2,76910
GEM,13098
GEMIN2,22689
GEMIN4,9579
GEMIN5,50801
GEMIN6,33469
GEMIN7,12324
GEMIN8,23168
GEN1,35089
GET3,11185
GFER,3557
GFI1,13883
GFM1,51055
GFM2,45942
GFOD1,129833
GFOD2,44809
GFPT1,67471
GFUS,5431
GGA1,24840
GGA2,58454
GGA3,25765
GGCT,8221
GGCX,16813
GGH,24527
GGNBP2,44937
GGPS1,17183
GGT7,28137
GHDC,5734
GHITM,15360
GID4,28998
GID8,10329
GIGYF1,14744
GIGYF2,163307
GIMAP1,7679
GIMAP2,7945
GIMAP6,7274
GIMAP7,6202
GIMAP8,28764
GINM1,25455
GINS1,61693
GINS2,13876
GINS4,15813
GIPR,15502
GIT1,20580
GIT2,66586
GJC1,32369
GJD3,4086
GK3P,1898
GK5,68066
GLA,14740
GLB1L,8881
GLCCI1,125477
GLDC,113263
GLE1,39220
GLG1,159718
GLI4,9499
GLIPR1,23111
GLMP,5601
GLO1,27221
GLOD4,25198
GLRX,71408
GLRX2,15249
GLRX3,48131
GLRX5,11222
GLS,84732
GLT8D1,11547
GLTP,29597
GLUD1,44642
GLUD2,2485
GLUL,14109
GLYCTK,8169
GLYR1,44086
GM2A,58291
GMCL1,51725
GMCL2,2867
GMEB1,50576
GMEB2,39500
GMFB,14543
GMFG,14020
GMIP,14182
GMNN,11169
GMPPA,15034
GMPPB,7130
GMPR2,6821
GMPS,73371
GNA12,116204
GNA13,47452
GNAI2,33071
GNAI3,51581
GNAS,71475
GNB1,105833
GNB2,5608
GNB3,7440
GNE,62602
GNG2,153148
GNG3,1526
GNG5,8259
GNGT2,7784
GNL1,15109
GNL2,29122
GNL3,13342
GNL3L,91339
GNPAT,36767
GNPDA2,44389
GNPNAT1,16476
GNPTAB,85461
GNPTG,13807
GNRH1,5397
GNS,45987
GOLGA1,70218
GOLGA2,20198
GOLGA3,60242
GOLGA4,123689
GOLGA5,45643
GOLGA6L9,9338
GOLGA7,22896
GOLGA8A,58874
GOLGA8B,63409
GOLGB1,86768
GOLIM4,87236
GOLM1,74028
GOLM2,127040
GOLPH3,49604
GOLPH3L,50925
GOLT1B,16628
GON4L,109742
GON7,4172
GOPC,42274
GORAB,22016
GORASP1,13148
GORASP2,38667
GOSR1,50231
GOSR2,52450
GOT1,33755
GOT2,27212
GP1BA,2747
GPAA1,3627
GPALPP1,48141
GPANK1,5056
GPAT4,47815
GPATCH11,14727
GPATCH2L,102427
GPATCH3,9980
GPATCH4,7196
GPATCH8,108150
GPBP1,90732
GPBP1L1,60810
GPCPD1,66568
GPD2,178446
GPER1,11608
GPI,42934
GPKOW,10329
GPN1,23265
GPN2,14152
GPN3,16783
GPR107,86744
GPR108,7667
GPR132,16051
GPR137,19439
GPR146,14716
GPR15,2704
GPR150,2056
GPR157,28798
GPR160,47398
GPR174,30631
GPR180,32805
GPR183,12861
GPR52,1582
GPR55,53749
GPR65,9677
GPS1,6780
GPS2,4241
GPSM2,59196
GPSM3,4758
GPT,4202
GPX1,1178
GPX4,2798
GPX7,6681
GRAMD1A,31688
GRAP,26356
GRAP2,72638
GRB2,87634
GRHPR,14325
GRIN3B,9314
GRINA,3360
GRIPAP1,28545
GRK2,20084
GRK3,164620
GRK6,39698
GRN,7861
GRPEL1,9170
GRPEL2,9154
GRSF1,24115
GRWD1,11182
GSDMB,15260
GSDMD,9856
GSDME,59586
GSK3A,16401
GSKIP,23837
GSPT1,47955
GSPT2,2791
GSR,49781
GSS,27596
GSTK1,26762
GSTM1,21226
GSTM2,41530
GSTM4,18738
GSTO1,32104
GSTP1,2915
GSTZ1,10602
GTF2A1,45926
GTF2A2,19480
GTF2B,39312
GTF2E1,40433
GTF2E2,79919
GTF2F1,14410
GTF2H1,44751
GTF2H3,28866
GTF2H5,30995
GTF2I,110462
GTF3A,11205
GTF3C1,90359
GTF3C2,31151
GTF3C3,36691
GTF3C4,24919
GTF3C5,27829
GTF3C6,9185
GTPBP1,32558
GTPBP10,56231
GTPBP2,23949
GTPBP3,7812
GTPBP4,31499
GTPBP6,14268
GTPBP8,24077
GTSE1,33941
GTSF1,17653
GUCD1,15513
GUCY1B1,48820
GUF1,22509
GUK1,9023
GUSB,21532
GXYLT1,63030
GYG1,40368
GYPC,40535
GYS1,25181
GZF1,10881
H1-0,2204
H1-10,1516
H1-2,731
H1-3,776
H1-4,787
H1-5,797
H2AC11,493
H2AC12,457
H2AC13,495
H2AC14,476
H2AC15,496
H2AC16,482
H2AC20,494
H2AC21,497
H2AC4,527
H2AC6,14972
H2AC8,517
H2AJ,3598
H2AX,1592
H2AZ1,2270
H2AZ2,21297
H2BC10,482
H2BC11,6899
H2BC12,495
H2BC13,451
H2BC14,468
H2BC17,467
H2BC21,2224
H2BC3,487
H2BC5,13228
H2BC7,473
H2BC8,489
H2BC9,462
H2BU1,5002
H3-3A,10169
H3-3B,9460
H3-5,1114
H3C1,508
H3C10,1250
H3C11,502
H3C12,2792
H3C13,469
H3C2,511
H3C3,486
H3C6,3275
H3C7,494
H3C8,496
H4-16,3133
H4C1,402
H4C13,387
H4C2,388
H4C3,405
H4C4,403
H4C5,412
H4C6,401
H4C8,8030
H4C9,397
H6PD,36564
HAAO,25505
HABP4,41168
HACD2,94234
HACD3,47932
HACD4,32132
HACL1,41154
HADH,45528
HADHA,54038
HADHB,47296
HAGHL,8590
HARBI1,15049
HARS1,18503
HARS2,7876
HAS3,13067
HASPIN,2797
HAT1,61239
HAUS1,23956
HAUS2,21167
HAUS4,10934
HAUS5,12621
HAUS6,49764
HAUS8,25897
HAX1,3521
HBP1,33562
HBS1L,142679
HCAR3,2056
HCCS,11786
HCFC1,24262
HCFC1R1,1662
HCFC2,41994
HCK,49660
HCLS1,29529
HCN3,12386
HCST,1849
HDAC1,41553
HDAC10,6223
HDAC2,78281
HDAC3,15974
HDAC5,46957
HDAC6,23606
HDAC7,50411
HDDC2,82117
HDDC3,5229
HDGF,24817
HDGFL2,29912
HDHD3,3568
HDHD5,27777
HDLBP,89798
HEATR1,55512
HEATR3,41306
HEATR5B,115990
HEATR6,37915
HEBP2,18667
HECA,45723
HECTD1,107688
HECTD3,8785
HECTD4,222252
HECW2,404586
HEG1,90288
HELLS,68577
HELZ,175546
HELZ2,16154
HEMK1,27017
HENMT1,13237
HERC1,225331
HERC4,153403
HERPUD1,12723
HERPUD2,64801
HES1,2585
HEXA,35497
HEXB,82625
HEXD,24328
HEXIM1,3625
HEXIM2,9341
HEY1,5487
HFE,11063
HGH1,3078
HGS,19813
HHEX,5693
HIC1,9088
HIF1A,52747
HIF1AN,30927
HIGD1A,21583
HIGD2A,1011
HIKESHI,43733
HILPDA,2570
HINFP,14480
HINT1,69086
HINT2,2395
HINT3,23475
HIPK1,48546
HIPK2,216429
HIPK3,100352
HIRIP3,3745
HIVEP1,156238
HIVEP2,205230
HJURP,21151
HK1,131901
HK2,59233
HLA-A,4625
HLA-B,13196
HLA-C,3382
HLA-DMA,20482
HLA-DMB,6400
HLA-DOA,5410
HLA-DOB,7704
HLA-DPA1,16207
HLA-DPB1,13707
HLA-DQA1,18884
HLA-DQA2,5808
HLA-DQB1,8917
HLA-DQB2,7435
HLA-DRA,5169
HLA-DRB1,11947
HLA-DRB5,12935
HLA-E,4686
HLA-F,15754
HLA-G,4159
HLTF,56428
HM13,63514
HMBS,8969
HMCES,27359
HMG20A,65196
HMG20B,6312
HMGA1,9359
HMGB1,160894
HMGB2,3057
HMGB3,10263
HMGCL,36736
HMGCR,27673
HMGCS1,26043
HMGN1,7333
HMGN2,4203
HMGN3,33494
HMGN4,8568
HMGN5,88215
HMGXB3,53097
HMGXB4,38356
HMMR,31739
HMOX1,13854
HMOX2,35658
HMSD,32474
HMX2,2537
HMX3,3454
HNRNPA0,8713
HNRNPA1,6896
HNRNPA1L3,93697
HNRNPA2B1,30379
HNRNPA3,11266
HNRNPAB,6631
HNRNPC,60359
HNRNPCL1,1344
HNRNPD,22006
HNRNPDL,7898
HNRNPF,23570
HNRNPH1,20607
HNRNPH2,5912
HNRNPH3,12020
HNRNPK,12534
HNRNPL,15978
HNRNPM,44348
HNRNPR,40566
HNRNPU,23923
HNRNPUL1,45292
HNRNPUL2,14828
HOMEZ,27026
HOXB2,4216
HOXB4,2844
HP1BP3,47058
HPDL,1816
HPF1,28475
HPRT1,60349
HPS1,36025
HPS3,44095
HPS4,40825
HPS5,43531
HPS6,2688
HRAS,5080
HROB,20571
HS2ST1,195348
HSCB,15477
HSD17B1,2293
HSD17B10,3113
HSD17B11,54674
HSD17B12,175938
HSD17B7,22122
HSD17B8,2177
HSDL1,23052
HSDL2,92326
HSF1,23130
HSF2,33569
HSF4,5265
HSH2D,24548
HSP90AA1,58958
HSP90AB1,7723
HSP90B1,23825
HSPA13,12370
HSPA14,33436
HSPA1A,2404
HSPA1B,2517
HSPA1L,5665
HSPA4,54437
HSPA4L,58913
HSPA5,6530
HSPA8,5742
HSPA9,21920
HSPB1,1623
HSPB11,29126
HSPBP1,18159
HSPD1,30154
HSPE1,3310
HSPH1,27416
HTATIP2,20098
HTATSF1,15268
HTR6,16092
HTRA2,3755
HTT,202595
HUS1,16328
HUWE1,154633
HVCN1,77110
HYAL2,4993
HYAL3,6575
HYI,3001
HYLS1,17033
HYOU1,13040
HYPK,8286
IAH1,22886
IARS1,83648
IARS2,53910
IBA57,16454
IBTK,77769
ICAM1,15523
ICAM2,18041
ICAM3,5886
ICAM5,6827
ICE1,69557
ICE2,59552
ICMT,14780
ID2,5617
ID3,1576
IDE,122413
IDH1,29846
IDH2,19433
IDH3A,40448
IDH3B,5825
IDH3G,8747
IDI1,9968
IDI2,6950
IER2,4501
IER3,1350
IER3IP1,23531
IER5,4201
IFFO1,17113
IFFO2,52397
IFI16,55188
IFI27L1,22546
IFI27L2,2475
IFI30,4956
IFI35,7717
IFI44,14283
IFI44L,26244
IFI6,6149
IFIH1,51611
IFIT1,13942
IFIT2,25578
IFIT3,50167
IFIT5,7038
IFITM1,5232
IFITM2,5743
IFNAR1,35478
IFNAR2,60394
IFNGR1,21967
IFNGR2,75936
IFNLR1,33792
IFRD2,5187
IFT172,45429
IFT20,7165
IFT22,10910
IFT27,18055
IGBP1,32878
IGF2BP3,160283
IGF2R,144426
IGFLR1,3653
IGHMBP2,36740
IGIP,3456
IGLL5,8332
IGSF8,7604
IK,15423
IKBIP,31709
IKBKB,61159
IKBKE,26414
IKZF1,101034
IKZF2,152737
IKZF3,106595
IKZF5,18006
IL10RA,16668
IL12RB1,39950
IL16,154484
IL17RA,30740
IL18BP,8703
IL18R1,87249
IL1A,10569
IL21R,49869
IL23A,6237
IL24,6697
IL27RA,21457
IL2RB,56453
IL2RG,4705
IL32,16896
IL3RA,46074
IL4I1,39886
IL4R,51111
IL6R,64258
IL6ST,59928
IL9R,13122
ILDR1,34925
ILF2,9241
ILF3,38097
ILK,7167
ILKAP,33307
ILRUN,109572
ILVBL,10803
IMMT,51541
IMP3,9622
IMP4,5091
IMPA1,29418
IMPDH1,17976
IMPDH2,5123
INA,13209
INAFM1,839
INAFM2,3024
INCA1,9481
INCENP,29172
INF2,41390
ING1,10604
ING2,7372
ING3,26454
ING4,12842
ING5,42394
INIP,34224
INKA1,1770
INO80D,92583
INO80E,10079
INPP1,28096
INPP4A,149539
INPP5B,86361
INPP5D,147937
INPP5E,11227
INPP5F,103106
INPP5K,22166
INPPL1,15447
INSIG1,12460
INSIG2,22546
INTS1,34113
INTS10,34693
INTS11,13103
INTS13,33146
INTS14,32537
INTS15,18706
INTS2,62650
INTS3,46759
INTS5,6455
INTS6,100188
INTS6L,61852
INTS7,95159
INTS8,68436
IP6K1,62249
IP6K2,52351
IPO13,21073
IPO5,70639
IPO7,63476
IPO8,66882
IPO9,55143
IPPK,56949
IQCB1,65319
IQCC,3012
IQGAP1,113998
IQGAP3,47200
IRAG2,103994
IRAK1,9397
IRAK4,39364
IREB2,64023
IRF1,68280
IRF2,88857
IRF2BP1,2534
IRF2BP2,5910
IRF2BPL,4166
IRF3,6307
IRF4,19705
IRF5,12582
IRF7,3431
IRF8,23491
IRF9,6810
IRGQ,11768
ISCA1,18557
ISCA2,3351
ISCU,6787
ISG15,13403
ISG20,20814
ISG20L2,6876
ISL2,5703
ISOC1,19280
ISOC2,9359
IST1,85204
ISY1,33649
ISYNA1,3780
ITFG2,47170
ITGA3,34514
ITGA4,81739
ITGAL,50910
ITGAV,90892
ITGAX,27866
ITGB1BP1,20054
ITGB1BP2,3622
ITGB2,46037
ITGB3,59917
ITGB7,15960
ITM2A,7284
ITM2C,14610
ITPA,15003
ITPKC,23749
ITPR3,76210
ITPRID2,39009
ITPRIP,28768
ITPRIPL1,5201
ITPRIPL2,7698
ITSN2,157673
IVD,30463
IVL,3341
IVNS1ABP,20886
IWS1,90680
IZUMO4,3165
JADE1,65525
JADE2,58919
JAGN1,3776
JAK3,23292
JCHAIN,26277
JKAMP,20968
JMJD1C,354630
JMJD4,4987
JMJD6,13968
JMJD8,2859
JOSD1,16014
JOSD2,5223
JPH4,10753
JPT1,33034
JPT2,24025
JRK,24509
JSRP1,17508
JTB,3406
JUN,7204
JUNB,1830
JUND,1929
JUP,32328
KANK2,33522
KANSL1,195474
KANSL2,29028
KANSL3,49618
KARS1,21170
KAT14,51160
KAT2A,8257
KAT5,7609
KAT6A,122516
KAT6B,207698
KAT7,46379
KAT8,16905
KATNB1,21506
KATNBL1,69423
KBTBD2,25960
KBTBD4,6780
KBTBD6,5234
KBTBD7,4736
KBTBD8,12904
KCMF1,88380
KCNA3,21381
KCNA6,3985
KCNAB2,110267
KCNAB3,7998
KCNIP2,17947
KCNK6,12232
KCNN3,172827
KCNN4,14444
KCP,48678
KCTD10,28705
KCTD11,3056
KCTD12,6231
KCTD13,21225
KCTD17,11652
KCTD18,30827
KCTD2,33315
KCTD20,48377
KCTD21,17378
KCTD3,54504
KCTD5,26508
KCTD6,10265
KCTD7,20187
KCTD9,30630
KDELR1,8977
KDELR2,38238
KDM1A,64247
KDM2A,138820
KDM2B,151928
KDM3A,52070
KDM3B,84344
KDM4A,55370
KDM4B,184486
KDM5A,109264
KDM5B,83993
KDM5C,49140
KDM6B,20580
KDSR,39503
KEAP1,17434
KHDC4,21369
KHDRBS1,46983
KHNYN,12558
KHSRP,11710
KIAA0040,36014
KIAA0100,31009
KIAA0232,102796
KIAA0319L,164068
KIAA0586,123913
KIAA0753,62565
KIAA0895L,8442
KIAA0930,48651
KIAA1109,211837
KIAA1143,23959
KIAA1191,15746
KIAA1586,8708
KIAA2013,6838
KICS2,35981
KIDINS220,116550
KIF11,81291
KIF14,69255
KIF15,111656
KIF18A,87538
KIF18B,23065
KIF1C,30452
KIF20A,9005
KIF20B,73350
KIF21A,150163
KIF21B,54325
KIF22,14659
KIF23,34182
KIF2A,84864
KIF2C,27950
KIF3A,45011
KIF3B,57361
KIF4B,4387
KIF5B,47411
KIFBP,54742
KIFC1,18074
KIFC2,8160
KISS1R,3719
KLC1,152354
KLC2,10567
KLC4,34319
KLF10,6942
KLF11,11988
KLF13,108831
KLF16,11181
KLF2,3860
KLF5,22566
KLF6,9286
KLF7,93131
KLF8,59176
KLHDC10,65172
KLHDC2,18256
KLHDC3,7196
KLHDC4,69508
KLHDC7B,5125
KLHDC9,1986
KLHL11,16906
KLHL12,37521
KLHL15,43471
KLHL17,5136
KLHL18,63900
KLHL21,23884
KLHL23,82502
KLHL24,48910
KLHL36,19176
KLHL42,22993
KLHL5,81819
KLHL6,68156
KLHL9,5740
KLK1,4642
KLLN,4376
KMT2A,90377
KMT2B,20908
KMT2C,301723
KMT2D,41820
KMT2E,174077
KMT5A,25222
KMT5B,58990
KMT5C,8269
KNL1,70323
KNOP1,16299
KNSTRN,11568
KNTC1,99151
KPNA1,93044
KPNA2,11729
KPNA3,93363
KPNA4,70565
KPNA6,68508
KPNB1,36030
KPTN,9116
KRAS,45691
KRBA1,19795
KRCC1,37048
KREMEN2,4168
KRI1,12947
KRIT1,48669
KRR1,20774
KRT10,4498
KRTCAP2,4068
KSR1,169991
KTI12,1708
KTN1,142455
KXD1,11626
KYAT3,57181
L2HGDH,74667
L3HYPDH,24046
L3MBTL2,25990
LACC1,14649
LACTB,20229
LACTB2,33868
LAGE3,1507
LAIR1,19175
LAMC1,122173
LAMP1,26434
LAMP2,43218
LAMP3,41625
LAMTOR1,17403
LAMTOR2,3725
LAMTOR3,16093
LAMTOR4,7033
LAMTOR5,6694
LANCL1,46404
LAP3,30775
LAPTM4A,18979
LAPTM5,25306
LARP1,134620
LARP4,87622
LARP4B,124889
LARP7,20620
LARS1,72131
LARS2,166166
LAS1L,96262
LASP1,51912
LAT2,30183
LATS1,59953
LAX1,11196
LBHD1,9451
LBR,27424
LBX2,5800
LCAT,4382
LCK,34922
LCMT2,6934
LCOR,163703
LCP1,85952
LCP2,51583
LCTL,18820
LDAH,139117
LDB1,13880
LDHA,13866
LDHAL6B,1746
LDLR,44359
LDLRAP1,25281
LEAP2,1603
LEMD2,17929
LEMD3,78773
LENG1,4561
LENG8,13130
LENG9,2047
LEO1,33754
LEPROT,15421
LETM1,44678
LETMD1,12463
LGALS1,4167
LGALS14,4964
LGALS3,21314
LGALS8,34982
LGALS9,19763
LGALSL,7413
LGMN,44873
LHFPL5,48192
LIAS,26106
LIG1,55159
LIG3,29232
LIG4,10930
LILRA4,5978
LILRB1,20865
LIMA1,107733
LIMD1,130948
LIMD2,5285
LIME1,2821
LIMK1,39593
LIMK2,67842
LIMS1,153576
LIN37,6159
LIN7C,12352
LINS1,43862
LIPE,25875
LIPH,46327
LIPT1,8203
LIPT2,3206
LITAF,88660
LIX1L,24595
LLGL1,19241
LLPH,14196
LMAN1,31443
LMAN2,36036
LMAN2L,34136
LMBR1L,13765
LMBRD2,53481
LMF2,4754
LMNA,57509
LMNB1,60398
LMNB2,29322
LMNTD2,5889
LMO4,20044
LMO7,239437
LNPEP,102120
LNPK,78958
LONP1,28739
LONP2,118823
LONRF1,34168
LOXL3,23433
LPAR2,5276
LPAR5,17126
LPCAT1,67483
LPCAT3,42293
LPCAT4,8564
LPGAT1,87307
LPIN1,149815
LPIN2,127849
LPXN,51350
LRCH1,199873
LRCH3,97211
LRCH4,12119
LRFN3,11267
LRFN4,3829
LRG1,3635
LRIF1,16776
LRIG2,59063
LRP10,9974
LRP2BP,32053
LRP8,86106
LRPAP1,28835
LRPPRC,110003
LRR1,15912
LRRC14,7181
LRRC24,4646
LRRC32,13224
LRRC39,29826
LRRC40,60775
LRRC41,42421
LRRC42,22084
LRRC45,7847
LRRC47,17940
LRRC57,10983
LRRC58,24846
LRRC59,22465
LRRC61,14894
LRRC75A,50617
LRRC8A,35907
LRRCC1,38866
LRRFIP1,186096
LRRK1,158931
LRSAM1,52011
LRTOMT,30452
LRWD1,8213
LSG1,31673
LSM1,13396
LSM10,6671
LSM11,16998
LSM14A,56785
LSM14B,12914
LSM2,9571
LSM3,22306
LSM4,16877
LSM5,9946
LSM6,24298
LSM7,7092
LSM8,19892
LSMEM2,9028
LSP1,41364
LSR,19635
LSS,40684
LST1,2786
LTA,2271
LTA4H,42768
LTB,1998
LTB4R,6587
LTB4R2,6320
LTN1,64813
LTO1,22341
LTV1,20475
LUC7L,40495
LUC7L2,83099
LUC7L3,36655
LUZP1,93779
LXN,26827
LY6E,5851
LY6G5B,3801
LY75,101402
LY86,66876
LYAR,22454
LYL1,4129
LYN,134335
LYPLA1,55651
LYPLA2,4395
LYPLAL1,38997
LYRM1,25139
LYRM2,70606
LYRM7,34485
LYSMD1,6201
LYSMD2,28575
LYSMD3,13974
LYSMD4,17865
LZIC,21295
LZTR1,16764
LZTS2,11219
M6PR,9401
MACF1,405862
MACIR,19898
MACO1,69352
MACROH2A1,65534
MAD2L1,11236
MAD2L1BP,11402
MAD2L2,32894
MADD,60871
MAEA,50261
MAF1,3151
MAFG,9466
MAFK,12342
MAGED1,99348
MAGED2,8417
MAGEE1,3633
MAGEF1,1701
MAGEH1,1440
MAGOH,11619
MAGOHB,9417
MAGT1,73525
MAK16,16081
MALSU1,12991
MALT1,83013
MAMDC4,9857
MAML1,44462
MAN1B1,22333
MAN2A2,20367
MAN2B1,20232
MAN2B2,48174
MAN2C1,13406
MANBAL,27612
MANEA,31986
MANEAL,7291
MANF,4107
MAP10,4514
MAP1LC3B,20827
MAP1S,15272
MAP2K1,104820
MAP2K2,33802
MAP2K3,30561
MAP2K7,10636
MAP3K1,80604
MAP3K10,24150
MAP3K11,17627
MAP3K12,20395
MAP3K14,53911
MAP3K2,89798
MAP3K3,73891
MAP3K5,236052
MAP3K6,11778
MAP3K7,73514
MAP3K8,27813
MAP3K9,87009
MAP4,238583
MAP4K1,31242
MAP4K2,18324
MAP4K5,142626
MAP7D1,25271
MAP7D3,43263
MAP9,34313
MAPK1,108024
MAPK11,7055
MAPK12,16267
MAPK13,16716
MAPK14,83560
MAPK1IP1L,18548
MAPK3,9402
MAPK6,115270
MAPK7,5824
MAPK8IP3,64186
MAPK9,58957
MAPKAPK2,49377
MAPKAPK3,37772
MAPKAPK5,59995
MAPKBP1,53422
MAPRE1,30452
MARCHF5,62798
MARCHF6,86694
MARCHF7,58571
MARCHF9,5309
MARCKS,6131
MARCKSL1,2395
MARF1,48768
MARK2,72093
MARK3,118455
MARS1,42125
MARS2,3027
MARVELD1,4978
MASP2,25231
MAST3,53915
MASTL,33130
MAT2A,6114
MAT2B,16445
MAU2,37926
MAVS,29325
MAX,96522
MAZ,5059
MB21D2,121042
MBD1,14893
MBD2,73064
MBD3,19270
MBD4,9233
MBD6,9439
MBIP,22074
MBLAC1,1711
MBLAC2,16563
MBNL1,221953
MBNL3,120649
MBOAT7,16471
MBP,154857
MBTD1,82739
MBTPS1,63182
MBTPS2,45807
MCAM,12993
MCAT,11190
MCCC1,100858
MCCC2,79176
MCEE,20556
MCFD2,39986
MCL1,18844
MCM10,49553
MCM2,24027
MCM3,20868
MCM3AP,51165
MCM4,17976
MCM5,25298
MCM6,36818
MCM7,9213
MCM8,48326
MCMBP,63153
MCMDC2,51300
MCOLN1,11386
MCOLN2,71531
MCRIP1,10942
MCRIP2,11658
MCRS1,11602
MCTS1,27150
MCUR1,28012
MDC1,17641
MDFIC,97824
MDH1,18589
MDH2,19458
MDM1,59939
MDM2,37368
MDM4,41742
MDN1,177297
ME2,75178
MEA1,5726
MEAF6,24774
MECP2,115531
MECR,38286
MED1,46988
MED10,6698
MED11,2181
MED12,25561
MED13,122674
MED14,87554
MED15,91720
MED16,25589
MED18,6964
MED19,8512
MED20,15786
MED21,43798
MED22,9820
MED23,54277
MED24,42119
MED25,22102
MED28,19465
MED29,9339
MED30,19550
MED31,8324
MED4,41809
MED6,19434
MED7,21596
MED8,5892
MED9,16228
MEF2A,151072
MEF2C,187141
MEF2D,37053
MEGF8,53161
MELK,104822
MELTF,49246
MEN1,7785
MEPCE,5805
MESD,43540
MEST,20295
METAP1,67151
METAP2,42320
METRN,4538
METTL1,3649
METTL13,32364
METTL14,30042
METTL16,106330
METTL17,7063
METTL18,2435
METTL21A,45298
METTL22,27972
METTL23,7107
METTL25B,8519
METTL26,1940
METTL2A,29511
METTL2B,29874
METTL3,13210
METTL4,33985
METTL5,14851
METTL8,119057
METTL9,60254
MEX3A,10453
MEX3B,4342
MEX3C,43784
MFAP1,20199
MFF,32686
MFN1,47228
MFN2,35031
MFNG,17331
MFSD10,4274
MFSD11,45585
MFSD12,36030
MFSD14B,86474
MFSD2A,14857
MFSD3,2144
MFSD5,3156
MFSD6,100851
MFSD6L,2256
MFSD8,48236
MFSD9,22259
MGA,151948
MGAT1,30873
MGAT2,2683
MGAT3,35183
MGAT4A,112027
MGAT4B,9356
MGAT5,334639
MGME1,22105
MGRN1,74482
MIA3,49911
MIB1,165997
MIB2,15152
MICA,15532
MICAL1,21907
MICAL3,236913
MICALL1,37166
MICB,16244
MICOS13,2096
MICU2,111491
MID1IP1,5098
MIDEAS,75164
MIDN,10591
MIEF1,18701
MIEF2,5956
MIEN1,2037
MIER1,63725
MIER3,52074
MIF,845
MIF4GD,5004
MIGA2,35462
MIIP,12580
MINDY1,11828
MINK1,64722
MINPP1,48587
MIOS,42058
MIS12,4530
MIS18A,10822
MIS18BP1,50351
MITD1,19632
MIX23,23641
MIXL1,3443
MKI67,29765
MKNK1,59437
MKNK2,13780
MKRN1,26504
MKRN2,29152
MKS1,14165
MLEC,14711
MLF2,19480
MLH1,57497
MLH3,37764
MLKL,29106
MLLT1,69595
MLLT11,9148
MLLT6,24523
MLST8,5206
MLX,6168
MLXIP,68589
MMAB,19866
MMACHC,13083
MMADHC,18142
MMD,29303
MMGT1,13442
MMP19,7534
MMRN1,75098
MMS19,40471
MMUT,32894
MNDA,18156
MNS1,43594
MNT,17032
MOAP1,2725
MOB1A,26371
MOB2,31791
MOB3A,25638
MOB3C,9093
MOB4,38129
MOCS2,14385
MOCS3,5112
MOGS,4354
MON1A,23014
MON1B,11564
MON2,133660
MORC2,43645
MORC3,65960
MORF4L1,87653
MORF4L2,12663
MOSPD2,48907
MOSPD3,3283
MOV10,27616
MPC1,18095
MPC2,20398
MPDU1,9261
MPEG1,4418
MPG,8845
MPHOSPH10,19792
MPHOSPH6,22427
MPHOSPH8,39783
MPHOSPH9,91695
MPI,12215
MPLKIP,8596
MPND,16560
MPPE1,25745
MPRIP,175223
MPST,10187
MPV17,16189
MPV17L2,3731
MPZ,5234
MPZL1,70728
MPZL3,25676
MR1,28565
MRC2,65928
MRE11,78316
MREG,91513
MRFAP1,2639
MRFAP1L1,2165
MRGBP,5257
MRI1,9761
MRM1,7382
MRM3,10157
MRNIP,27041
MROH6,6581
MRPL10,8270
MRPL11,31664
MRPL12,4151
MRPL13,64642
MRPL14,14002
MRPL15,13274
MRPL16,4639
MRPL17,2956
MRPL18,8625
MRPL19,44069
MRPL2,5410
MRPL20,5385
MRPL21,12560
MRPL22,28339
MRPL24,4288
MRPL27,5351
MRPL28,4321
MRPL3,40772
MRPL30,18410
MRPL32,16583
MRPL34,14235
MRPL35,14436
MRPL36,2982
MRPL37,41424
MRPL38,6450
MRPL39,21862
MRPL4,8155
MRPL40,3531
MRPL41,677
MRPL42,48701
MRPL43,18058
MRPL44,10252
MRPL45,26195
MRPL46,7914
MRPL47,16365
MRPL49,5189
MRPL50,10986
MRPL51,1956
MRPL52,5159
MRPL54,5894
MRPL55,2634
MRPL57,2427
MRPL58,8592
MRPL9,3850
MRPS10,11055
MRPS11,13324
MRPS12,2225
MRPS14,12637
MRPS15,8667
MRPS16,3851
MRPS17,4624
MRPS18A,16590
MRPS18B,8556
MRPS18C,13804
MRPS2,4690
MRPS21,15119
MRPS23,15276
MRPS25,55729
MRPS26,2199
MRPS27,106765
MRPS30,11482
MRPS31,42063
MRPS33,12619
MRPS34,1261
MRPS35,45474
MRPS36,12399
MRPS5,36638
MRPS6,69811
MRPS7,4703
MRPS9,61892
MRRF,66735
MRS2,23287
MRTO4,8324
MS4A1,14907
MS4A7,17467
MSANTD2,34209
MSANTD3,24592
MSANTD4,26781
MSC,2853
MSH5,23000
MSH6,114534
MSL1,14947
MSL2,48325
MSL3,17614
MSMO1,15498
MSMP,3624
MSN,153555
MSRB1,4971
MSS51,9983
MST1,5555
MT2A,914
MTA1,50910
MTA2,8652
MTAP,135016
MTARC2,36591
MTCH1,20492
MTCH2,25293
MTDH,86077
MTERF2,9884
MTERF3,22213
MTERF4,30164
MTF1,50019
MTF2,59845
MTFMT,28128
MTFP1,3432
MTFR1L,14303
MTFR2,19312
MTG1,28427
MTG2,20541
MTHFD1,75427
MTHFD2,31394
MTHFR,20733
MTHFSD,25058
MTIF2,32753
MTIF3,14949
MTMR1,72138
MTMR10,52688
MTMR12,85994
MTMR14,52961
MTMR2,103550
MTMR4,28377
MTMR6,41267
MTMR9,43331
MTO1,47659
MTOR,156022
MTPAP,64648
MTPN,50600
MTR,126019
MTRES1,23388
MTREX,117591
MTRF1,47209
MTRF1L,15348
MTRFR,24695
MTRR,54840
MTX1,5130
MTX2,68631
MTX3,14547
MUL1,8704
MUS81,10528
MUTYH,11731
MVB12A,28003
MVD,11227
MVK,24871
MVP,27646
MX1,50052
MX2,47395
MXD1,45258
MXD3,11297
MXD4,14678
MYADM,11673
MYB,37866
MYBBP1A,16490
MYBL2,49477
MYC,7518
MYCBP,10876
MYCBP2,284621
MYD88,4547
MYDGF,28989
MYEF2,43722
MYH9,106731
MYL12A,8756
MYL12B,16983
MYL5,8449
MYL6,5151
MYL6B,7392
MYLIP,19163
MYNN,16321
MYO18A,109277
MYO19,47800
MYO1C,28501
MYO1E,240438
MYO1F,56800
MYO1G,16427
MYO5A,221852
MYO9B,138761
MYPOP,12591
MYRF,35883
MYSM1,56651
MZB1,2615
MZF1,11645
MZT1,19263
MZT2A,27844
MZT2B,8993
N4BP1,81423
N4BP2,101403
N4BP2L1,27589
N4BP2L2,106469
N4BP3,12550
N6AMT1,13181
NAA10,5856
NAA15,118588
NAA16,65764
NAA20,16346
NAA25,82108
NAA30,25363
NAA35,84317
NAA38,28554
NAA40,18361
NAA50,29843
NAA60,43305
NAA80,3015
NAB1,46021
NAB2,6434
NABP1,63030
NABP2,7840
NACA,19324
NACA2,799
NACC1,24286
NACC2,88753
NADK,29226
NADSYN1,70999
NAE1,70382
NAGA,12509
NAGK,15465
NAGLU,8209
NAGPA,9298
NAIF1,6974
NAMPT,37669
NANP,11080
NANS,26346
NAP1L1,48151
NAP1L4,47947
NAP1L5,1917
NAPA,27455
NAPB,47001
NAPEPLD,49785
NAPG,26860
NAPRT,3865
NAPSA,7354
NARF,32358
NARS1,21558
NASP,35059
NAT10,42054
NAT14,2381
NAT9,5839
NAXD,24452
NAXE,17752
NBEAL2,30039
NBN,78714
NBPF15,40287
NBR1,41209
NCAPD2,38600
NCAPD3,75392
NCAPG,33887
NCAPG2,73636
NCAPH,41326
NCAPH2,16557
NCBP1,40081
NCBP2,7193
NCBP2AS2,870
NCBP3,44089
NCDN,9802
NCF1,15305
NCF2,36445
NCF4,17030
NCKAP1L,50492
NCKAP5L,37605
NCKIPSD,12521
NCL,30111
NCLN,24013
NCOA3,154991
NCOA4,25536
NCOA5,28972
NCOA6,136555
NCOA7,150874
NCOR1,189029
NCOR2,243198
NCR3,4112
NCSTN,15659
NDC1,72986
NDC80,45079
NDE1,91425
NDEL1,77281
NDFIP2,74923
NDOR1,13677
NDRG3,94325
NDST1,72394
NDUFA1,4831
NDUFA10,133294
NDUFA11,12731
NDUFA12,108452
NDUFA2,9032
NDUFA3,6530
NDUFA4,8211
NDUFA5,20908
NDUFA6,5359
NDUFA8,15722
NDUFAB1,15303
NDUFAF1,22186
NDUFAF3,3037
NDUFAF4,8577
NDUFAF7,21773
NDUFAF8,2006
NDUFB1,5796
NDUFB10,2438
NDUFB11,3396
NDUFB2,32014
NDUFB3,14318
NDUFB4,6180
NDUFB5,22958
NDUFB6,20184
NDUFB7,5989
NDUFB8,6261
NDUFB9,41548
NDUFC1,35672
NDUFC2,11566
NDUFS1,44693
NDUFS2,17620
NDUFS3,19227
NDUFS5,8319
NDUFS6,14642
NDUFS7,12063
NDUFS8,6028
NDUFV1,6902
NDUFV3,33661
NECAB3,17377
NECAP1,20943
NECAP2,19358
NEDD1,46557
NEDD8,15511
NEIL1,10161
NEIL2,17707
NEK2,16974
NEK4,62503
NEK6,95702
NEK8,17559
NEK9,47992
NELFA,59187
NELFB,18216
NELFCD,13926
NELFE,6952
NEMF,70739
NEMP1,32421
NEMP2,30385
NENF,13460
NEPRO,17418
NET1,46500
NETO2,66243
NEU1,5247
NEU3,30615
NEURL2,2584
NEURL4,13766
NEUROG2,2665
NEXMIF,192617
NFAT5,139573
NFATC2IP,16286
NFE2L1,13217
NFE2L2,174090
NFE2L3,34940
NFIL3,14788
NFKB1,115973
NFKB2,8415
NFKBIA,3671
NFKBIB,9194
NFKBID,14651
NFKBIE,7623
NFKBIL1,11960
NFKBIZ,33032
NFRKB,31955
NFS1,31304
NFU1,41516
NFX1,80646
NFYA,29430
NFYB,21156
NFYC,79956
NGDN,40184
NGLY1,71096
NGRN,10120
NHLRC2,62534
NHLRC3,11804
NHLRC4,2491
NHP2,4432
NIBAN1,183785
NIBAN3,30539
NIF3L1,14612
NIFK,9967
NIN,111400
NINJ1,12756
NIP7,5111
NIPA1,56727
NIPA2,30719
NIPAL3,57175
NIPBL,189645
NIPSNAP1,26520
NIPSNAP2,48389
NIPSNAP3A,12438
NIPSNAP3B,13636
NISCH,37951
NIT1,7360
NIT2,26897
NKAP,23080
NKAPD1,11065
NKG7,1096
NKIRAS1,56641
NKIRAS2,14263
NKRF,18107
NKTR,48081
NKX3-1,4242
NKX6-2,2969
NLE1,13575
NLN,149521
NLRC3,38371
NLRC5,94047
NLRP1,120010
NLRX1,17449
NMB,3435
NMD3,148837
NME1,8870
NME2,6310
NME3,1242
NME4,13643
NME6,10964
NMI,19425
NMRAL1,34073
NMRK1,27645
NMT1,151025
NNT,104714
NOA1,14257
NOB1,13056
NOC2L,15107
NOC3L,29734
NOC4L,8017
NOD1,54258
NOD2,39490
NOL11,26601
NOL12,11804
NOL3,5582
NOL6,12578
NOL7,17405
NOL8,28279
NOL9,33167
NOLC1,11696
NOM1,23465
NONO,46709
NOP10,4022
NOP14,25474
NOP16,4982
NOP2,11829
NOP53,11513
NOP56,5801
NOP58,37926
NOP9,9275
NOSIP,34795
NOTCH1,51616
NOXA1,11057
NPAT,65424
NPB,2161
NPC1,80323
NPC2,17986
NPEPPS,101724
NPFF,797
NPLOC4,91579
NPM1,24695
NPM3,2122
NPNT,109253
NPPA,2637
NPR2,18730
NPRL2,3497
NPRL3,54407
NPTN,74121
NQO1,19673
NR1D1,7797
NR1H2,53736
NR1I3,8579
NR2C1,53400
NR2C2,106018
NR2C2AP,2006
NR2F6,14037
NR3C1,157582
NRARP,2641
NRAS,12303
NRBF2,21785
NRBP1,14470
NRBP2,7391
NRDC,89615
NRDE2,64110
NRM,3374
NRROS,22311
NRSN2,12879
NSA2,13123
NSD1,168384
NSD2,110815
NSD3,112569
NSDHL,38763
NSFL1C,31681
NSL1,65630
NSMAF,76346
NSMCE1,43779
NSMCE3,4834
NSMCE4A,18127
NSMF,11765
NSRP1,70955
NSUN2,34053
NSUN4,24364
NSUN5,6311
NT5C,1533
NT5C2,190421
NT5C3A,48667
NT5C3B,11204
NT5DC1,148647
NT5DC2,10670
NT5E,46208
NTAN1,18226
NTHL1,8052
NTMT1,27252
NTPCR,33278
NUAK2,19683
NUB1,36678
NUBP1,25566
NUBP2,6255
NUCB1,23061
NUCKS1,37361
NUDC,46634
NUDCD1,93203
NUDCD2,13577
NUDCD3,111540
NUDT1,8921
NUDT12,13936
NUDT13,21454
NUDT15,9496
NUDT16,7160
NUDT16L1,2298
NUDT17,3325
NUDT18,2546
NUDT19,21972
NUDT2,14206
NUDT21,23067
NUDT22,4746
NUDT3,112991
NUDT4,30264
NUDT5,30815
NUDT8,2000
NUDT9,36883
NUF2,89189
NUFIP2,38310
NUMA1,77830
NUMB,183511
NUP107,58859
NUP133,68083
NUP153,91891
NUP155,82970
NUP160,70469
NUP188,59398
NUP205,90841
NUP210,104088
NUP214,109091
NUP35,44168
NUP37,47018
NUP42,19171
NUP43,25351
NUP50,24093
NUP54,40924
NUP58,63867
NUP62,22940
NUP85,30100
NUP88,60497
NUP93,120169
NUP98,126710
NUS1,35259
NUTF2,25686
NXF1,14180
NXT1,3981
NXT2,8918
OARD1,64161
OAS1,27364
OAS2,33329
OAS3,38410
OAT,21674
OAZ1,3982
OAZ2,15709
OAZ3,8436
OBI1,44867
OCEL1,3007
OCIAD1,56606
OCIAD2,21919
ODC1,8360
ODF2,46107
ODF2L,49519
ODF3B,2797
ODR4,45541
OFD1,43213
OGA,34023
OGDH,102495
OGFOD1,27584
OGFOD2,5464
OGFOD3,29428
OGFR,9166
OGG1,38276
OGT,42806
OIP5,23319
OLA1,176153
OMA1,131419
OPA1,104668
OPA3,74446
OPTN,38860
OR2B6,942
OR2T3,957
ORAI1,16710
ORAI2,23720
ORAI3,7394
ORC1,31595
ORC2,54704
ORC3,77387
ORC4,91209
ORC6,8752
ORMDL1,14098
ORMDL2,3839
ORMDL3,6561
OS9,34502
OSBP,41377
OSBPL11,66640
OSBPL2,64292
OSBPL7,14463
OSBPL8,208013
OSBPL9,221249
OSER1,14833
OSGEP,8689
OSGEPL1,16568
OSGIN2,26040
OST4,1183
OSTC,17236
OSTF1,58752
OTUB1,15959
OTUD1,3303
OTUD3,30551
OTUD4,69752
OTUD5,36363
OTUD6B,16900
OTUD7B,72915
OTULIN,35187
OXA1L,6521
OXCT1,140361
OXCT2,1826
OXER1,1637
OXLD1,1600
OXSM,11618
OXSR1,90396
OXTR,19248
P2RX4,24042
P2RX5-TAX1BP3,33132
P2RY1,6309
P2RY10,18396
P2RY11,3680
P2RY8,74605
P3H1,20750
P3H2,165710
P4HA1,89758
P4HB,17698
P4HTM,17265
PA2G4,9374
PAAF1,54416
PABIR1,5502
PABIR2,27667
PABPC1,36994
PABPC1L,48976
PABPC4,16082
PABPN1,4707
PACC1,50974
PACS1,174473
PACSIN2,179738
PAF1,5526
PAFAH1B1,92406
PAFAH1B2,32611
PAFAH1B3,6514
PAFAH2,38351
PAG1,144259
PAGR1,6338
PAICS,28838
PAIP1,31492
PAIP2,28134
PAK1,152619
PAK1IP1,14811
PAK2,92791
PALB2,38162
PALM2AKAP2,674188
PALS2,120926
PAN2,17831
PAN3,156830
PANK2,41049
PANK3,30874
PANK4,18061
PANO1,1680
PANX1,53128
PAPLN,37144
PAPOLA,65684
PAPOLB,4293
PAPOLG,45834
PAQR3,52312
PAQR4,4215
PAQR6,4798
PAQR7,14225
PAQR8,46357
PARD6A,1829
PARK7,31215
PARM1,117021
PARP1,47945
PARP10,35620
PARP14,50002
PARP15,61420
PARP2,14290
PARP3,6523
PARP4,91848
PARP6,31819
PARP9,36654
PARPBP,77338
PARS2,7626
PARVB,173729
PARVG,46578
PASK,44166
PATL1,32322
PATZ1,20543
PAWR,115986
PAX5,201000
PAXBP1,37894
PAXIP1,59438
PAXX,1563
PBDC1,5275
PBK,28459
PBRM1,140566
PBX2,5470
PBXIP1,12048
PCBD1,6286
PCBP1,1727
PCBP2,29061
PCBP4,16563
PCCB,87557
PCDHGC3,37031
PCED1A,5877
PCF11,30464
PCGF1,2653
PCGF2,15920
PCGF3,64342
PCGF5,121326
PCID2,31180
PCIF1,13341
PCK2,16546
PCLAF,23384
PCM1,106981
PCMT1,61978
PCMTD1,81612
PCMTD2,49126
PCNA,11674
PCNP,20286
PCNT,121646
PCNX1,207978
PCNX3,21664
PCNX4,77223
PCSK7,28189
PCYOX1,23800
PCYOX1L,11617
PCYT1A,73736
PCYT2,10475
PDAP1,16550
PDCD1,9011
PDCD10,51642
PDCD11,49669
PDCD2,9398
PDCD4,28212
PDCD5,6264
PDCD6,43354
PDCD6IP,71137
PDCD7,16430
PDCL,30200
PDCL3,13747
PDE12,10575
PDE4A,52858
PDE6D,53840
PDE7A,127989
PDF,3676
PDGFA,23039
PDHA1,17826
PDHA2,1372
PDHB,6228
PDIA3,26886
PDIA4,25601
PDIA6,54587
PDIK1L,14391
PDK1,53297
PDK2,17416
PDK3,85223
PDLIM1,53441
PDLIM7,14213
PDP2,17166
PDPK1,65210
PDPR,48206
PDRG1,7710
PDS5A,155094
PDS5B,191568
PDXDC1,164749
PDXK,43214
PDXP,8210
PDZD11,9397
PDZD8,98167
PEA15,9997
PEBP1,9461
PEF1,15031
PEG10,13371
PELI1,51769
PELO,16129
PELP1,34564
PER1,16035
PER2,46059
PES1,30459
PET100,2169
PEX1,41501
PEX10,9834
PEX11A,13020
PEX11B,7368
PEX12,4069
PEX13,34766
PEX16,9150
PEX19,9542
PEX2,20787
PEX26,27474
PEX3,39812
PEX5,29890
PEX6,15317
PFAS,22874
PFDN1,58079
PFDN2,17500
PFDN4,19966
PFDN5,4162
PFDN6,9100
PFKFB3,109711
PFKFB4,44332
PFKL,27326
PFKM,41266
PFKP,71386
PFN1,3410
PGAM1,7254
PGAM2,2841
PGAM5,11916
PGAP2,28648
PGAP6,16326
PGBD2,13751
PGBD4,6604
PGD,21920
PGGHG,6982
PGGT1B,58866
PGK1,218557
PGLS,9653
PGM1,66835
PGM2,36278
PGM3,46613
PGP,3248
PGPEP1,29353
PGRMC1,8222
PGRMC2,19593
PGS1,46466
PHAF1,38604
PHAX,26328
PHB1,10857
PHB2,5454
PHC1,27572
PHC3,95018
PHETA1,8471
PHETA2,5191
PHF1,6055
PHF10,21665
PHF11,33372
PHF12,46522
PHF13,10300
PHF19,39246
PHF20,178397
PHF20L1,73450
PHF21A,192136
PHF23,4694
PHF3,143535
PHF5A,8976
PHF6,55504
PHF7,12982
PHF8,112283
PHIP,143869
PHKA2,91817
PHKG1,12714
PHKG2,12884
PHLDA1,6330
PHLDA3,4960
PHLPP2,86867
PHOSPHO1,7422
PHPT1,2304
PHRF1,35753
PHTF2,158731
PHYKPL,24332
PI4K2A,35764
PI4K2B,118542
PI4KA,151727
PI4KB,35919
PIAS1,144295
PIAS3,11315
PIAS4,31651
PICALM,112708
PICK1,19391
PIDD1,10575
PIEZO1,69883
PIF1,10037
PIFO,6414
PIGA,16103
PIGB,36689
PIGBOS1,1978
PIGF,36119
PIGG,40991
PIGH,18332
PIGM,7038
PIGO,9383
PIGP,10325
PIGQ,17115
PIGR,17945
PIGS,18412
PIGT,40851
PIGV,13606
PIGW,4324
PIH1D1,7200
PIH1D2,11057
PIK3AP1,127200
PIK3C2B,72178
PIK3CA,91980
PIK3CD,99226
PIK3IP1,10941
PIK3R1,86082
PIK3R4,67896
PIK3R5,86802
PIK3R6,64956
PIKFYVE,92492
PILRB,15656
PIM1,5277
PIM2,5843
PIM3,3305
PIMREG,7029
PIN1,14433
PIP4K2A,179725
PIP4K2B,34436
PIP4K2C,12245
PIP4P1,3785
PIP5K1A,51588
PIP5K1C,70286
PISD,43731
PITHD1,9815
PITPNA,45075
PITPNB,68466
PITPNM1,14496
PITRM1,35114
PJA1,4671
PJA2,75262
PJVK,10757
PKD1,47191
PKD2,70143
PKDCC,10497
PKM,32791
PKMYT1,12456
PKN1,38815
PKN3,18414
PLA2G12A,20082
PLA2G15,15755
PLAA,43871
PLAC8,47028
PLAG1,50416
PLAGL2,15240
PLAU,8320
PLBD2,33064
PLCB2,29760
PLCB3,17621
PLCG1,59842
PLCG2,183407
PLCXD1,27035
PLD2,16283
PLD3,41017
PLD6,5339
PLEC,61582
PLEK,32172
PLEKHA2,72678
PLEKHA3,36007
PLEKHF1,10019
PLEKHF2,41057
PLEKHG2,15747
PLEKHH3,9081
PLEKHJ1,7621
PLEKHM2,50450
PLEKHO1,15538
PLEKHO2,26120
PLIN2,40916
PLIN3,29354
PLK1,12712
PLK2,6158
PLK3,5614
PLK4,18332
PLLP,36126
PLOD1,41334
PLOD3,12444
PLP2,3338
PLPBP,17174
PLPP5,6114
PLPP6,2965
PLRG1,15396
PLS3,89688
PLSCR1,29677
PLTP,13535
PLXNA1,54697
PLXNA3,19499
PLXNB2,32668
PLXNC1,159099
PM20D2,19511
PMAIP1,4310
PMCH,1375
PMEL,19213
PMF1,27050
PML,53155
PMM1,12972
PMM2,73712
PMPCA,13121
PMPCB,32077
PMS1,93545
PMS2,38206
PMVK,11980
PNISR,27703
PNKP,18470
PNMA1,2602
PNMA8A,5073
PNN,8038
PNO1,18351
PNOC,26370
PNP,15103
PNPLA2,6660
PNPLA6,27761
PNPO,7803
PNPT1,59803
PNRC1,4410
PNRC2,6624
POC5,43325
POFUT1,30779
POFUT2,23971
POGK,16913
POGLUT1,25746
POGLUT2,14696
POGLUT3,26273
POGZ,56771
POLD1,33815
POLD2,9728
POLD4,6201
POLDIP2,10895
POLE,63624
POLE3,3441
POLE4,11486
POLG,29664
POLG2,19270
POLH,44339
POLI,51750
POLK,89389
POLL,9389
POLM,10469
POLQ,114558
POLR1A,85940
POLR1B,37904
POLR1C,52718
POLR1D,123496
POLR1E,17750
POLR1F,13577
POLR1G,4094
POLR1H,6011
POLR2A,30251
POLR2B,53437
POLR2C,9350
POLR2D,14603
POLR2E,8807
POLR2G,5146
POLR2H,6887
POLR2I,1505
POLR2J,5795
POLR2K,3381
POLR2L,5174
POLR3A,76375
POLR3C,20350
POLR3D,9469
POLR3E,37727
POLR3F,17771
POLR3G,42810
POLR3GL,14159
POLR3H,18808
POLR3K,7202
POLRMT,16317
POM121,72092
POM121C,69514
POMC,8051
POMGNT1,31623
POMK,37683
POMP,19895
POMT1,21018
PON2,30468
POP1,42543
POP4,10955
POP5,2639
POP7,1366
POR,87656
PORCN,11856
POT1,107598
POU2AF1,103376
POU2F2,110476
PPA1,31077
PPA2,104991
PPAN,5651
PPARGC1B,124725
PPAT,42254
PPCS,17269
PPDPF,1442
PPFIA4,52250
PPHLN1,221269
PPIA,27885
PPIB,7395
PPID,14270
PPIE,71733
PPIF,7866
PPIG,57065
PPIH,18424
PPIL1,19977
PPIL2,34016
PPIL3,18397
PPIL4,41549
PPIP5K2,92651
PPM1A,53336
PPM1B,76416
PPM1F,33424
PPM1G,28397
PPM1K,27150
PPM1M,4841
PPM1N,13737
PPME1,83437
PPOX,11958
PPP1CA,23003
PPP1CB,51301
PPP1CC,23260
PPP1R10,18200
PPP1R11,3625
PPP1R12A,161898
PPP1R12C,26724
PPP1R14B,2465
PPP1R15A,3638
PPP1R15B,15396
PPP1R16A,24153
PPP1R16B,117328
PPP1R18,11507
PPP1R2,28959
PPP1R21,74794
PPP1R2B,2234
PPP1R35,1216
PPP1R3B,15320
PPP1R3D,3643
PPP1R3E,7208
PPP1R3G,4147
PPP1R7,34077
PPP1R8,20895
PPP1R9B,16941
PPP2CA,32039
PPP2CB,39858
PPP2R1A,39471
PPP2R1B,39482
PPP2R2A,81173
PPP2R2D,58827
PPP2R3B,53023
PPP2R3C,37051
PPP2R5A,76444
PPP2R5B,16923
PPP2R5C,166281
PPP2R5D,27790
PPP2R5E,172014
PPP3CB,59592
PPP3R1,77381
PPP4C,9399
PPP4R1,68450
PPP4R2,72396
PPP4R3A,53047
PPP4R3B,71589
PPP5C,45895
PPP6C,43367
PPP6R1,29239
PPP6R2,101787
PPP6R3,154604
PPRC1,17340
PPT1,24551
PPT2-EGFL8,18134
PPTC7,50074
PPWD1,24314
PQBP1,13206
PRADC1,5230
PRAF2,2842
PRAG1,68704
PRC1,29590
PRCC,50206
PRDM15,81258
PRDM2,124892
PRDM4,28402
PRDX1,31819
PRDX2,4981
PRDX3,11093
PRDX4,22136
PRDX5,3691
PRDX6,11486
PREB,3911
PRELID1,3151
PRELID3B,9665
PREPL,45582
PREX1,203748
PRICKLE3,11727
PRIM1,21079
PRIMPOL,45297
PRKAA1,38986
PRKAB1,13761
PRKAB2,17445
PRKACA,26397
PRKACG,1610
PRKAG1,16534
PRKAR1A,39540
PRKAR2A,103278
PRKCB,384629
PRKCD,36709
PRKCSH,15685
PRKD2,42853
PRKD3,74332
PRKDC,187068
PRKRA,20221
PRKRIP1,62805
PRKX,109310
PRMT1,13244
PRMT2,29530
PRMT5,8884
PRMT6,10963
PRMT7,49902
PRNP,15241
PROB1,4513
PROCA1,8692
PROSER1,28225
PROSER3,13024
PRPF18,81507
PRPF19,16039
PRPF3,31755
PRPF31,16310
PRPF38A,16235
PRPF38B,10619
PRPF39,32176
PRPF4,18368
PRPF40A,66420
PRPF40B,76449
PRPF4B,43717
PRPF6,51969
PRPF8,34239
PRPS1,23566
PRPS1L1,1077
PRPS2,32868
PRPSAP1,75044
PRPSAP2,91203
PRR11,50978
PRR12,35258
PRR13,4968
PRR14,5697
PRR14L,73885
PRR18,3149
PRR19,8717
PRR22,1787
PRR29,5955
PRR3,6444
PRR33,3818
PRR7,9842
PRRC1,37446
PRRC2A,17057
PRRC2B,126562
PRRC2C,107982
PRRT3,6867
PRSS16,8924
PRSS21,9125
PRSS53,6192
PRUNE1,27294
PRXL2A,29287
PRXL2B,4979
PRXL2C,15741
PSAP,34954
PSAT1,32969
PSD4,52072
PSEN1,87274
PSENEN,1920
PSIP1,46930
PSKH1,36423
PSMA2,15358
PSMA3,27170
PSMA4,12013
PSMA5,27407
PSMA6,38861
PSMA7,6708
PSMB1,18188
PSMB10,2359
PSMB2,41986
PSMB3,11485
PSMB4,2378
PSMB5,18688
PSMB6,2359
PSMB7,61980
PSMB8,3963
PSMB9,15716
PSMC1,18903
PSMC2,41777
PSMC3,7705
PSMC3IP,5522
PSMC4,10600
PSMC5,4875
PSMC6,21413
PSMD1,116272
PSMD10,7343
PSMD11,38941
PSMD12,28690
PSMD13,16019
PSMD14,103293
PSMD2,9853
PSMD3,17153
PSMD4,12771
PSMD5,27456
PSMD6,13461
PSMD7,9475
PSMD8,9288
PSME1,2805
PSME2,4209
PSME3,19376
PSME3IP1,33651
PSME4,106925
PSMF1,76176
PSMG1,8720
PSMG2,70903
PSMG3,3674
PSPC1,108268
PSPH,40554
PSPN,3911
PSRC1,3631
PTAFR,46771
PTAR1,50490
PTBP1,15253
PTBP3,115949
PTCD1,49425
PTCD2,48029
PTCD3,35935
PTCH1,74078
PTDSS1,75094
PTDSS2,43132
PTEN,109293
PTER,76803
PTGES2,7770
PTGES3,25068
PTGIR,4622
PTK2B,147910
PTMA,6657
PTMS,5437
PTOV1,10010
PTP4A2,38436
PTP4A3,40460
PTPA,37997
PTPMT1,8032
PTPN1,74921
PTPN11,91568
PTPN12,102775
PTPN13,220857
PTPN18,19361
PTPN2,144166
PTPN22,57943
PTPN23,32425
PTPN6,14849
PTPN7,14576
PTPRA,165657
PTPRC,119020
PTRH2,32991
PTRHD1,3664
PTTG1,6885
PTTG1IP,24319
PTTG2,731
PUF60,13009
PUM1,134486
PUM2,103544
PUM3,123627
PURA,17843
PURB,9232
PUS1,16697
PUS3,9737
PUS7,82611
PUS7L,39802
PUSL1,3081
PWP1,27364
PWWP2A,57650
PWWP3A,23721
PXK,93248
PXMP4,17562
PXN,55333
PYCARD,1965
PYCR1,10029
PYCR2,4464
PYCR3,6564
PYGB,49928
PYGO2,6828
PYM1,31206
PYROXD1,33636
QARS1,9199
QKI,164593
QPCTL,11587
QPRT,35421
QRICH1,64657
QRSL1,38840
QSER1,100506
QSOX1,49162
QSOX2,39480
QTRT1,12008
QTRT2,82590
R3HCC1,26160
R3HDM1,193816
R3HDM4,16743
RAB10,103371
RAB11A,165936
RAB11B,14454
RAB11FIP1,40880
RAB11FIP2,42026
RAB11FIP3,97363
RAB12,29947
RAB13,4742
RAB14,44882
RAB18,39034
RAB1A,59636
RAB1B,8903
RAB20,38657
RAB21,45424
RAB22A,57793
RAB24,2547
RAB27A,116148
RAB29,7497
RAB2A,106709
RAB2B,17941
RAB31,154277
RAB33A,12909
RAB33B,23378
RAB35,22404
RAB39B,6257
RAB3GAP1,124379
RAB3GAP2,124237
RAB3IP,84345
RAB4A,34833
RAB5A,38079
RAB5B,22771
RAB5C,30067
RAB5IF,6779
RAB6A,85500
RAB6D,3677
RAB7A,132274
RAB8A,22346
RAB8B,78217
RAB9A,21377
RABAC1,2641
RABEP1,104076
RABEP2,32106
RABEPK,33620
RABGGTA,6074
RABGGTB,8890
RABIF,10868
RABL2B,16167
RABL3,58056
RABL6,33245
RAC1,29441
RAC2,34325
RAC3,2527
RACGAP1,56214
RACK1,11200
RAD1,13730
RAD17,45509
RAD21,28843
RAD23A,7788
RAD23B,49056
RAD51,37567
RAD51AP1,21250
RAD51C,43039
RAD51D,29302
RAD54L,32020
RAD9A,80540
RAD9B,31902
RADX,67510
RAE1,27989
RAF1,82101
RAI1,129996
RALA,84556
RALB,54647
RALBP1,63106
RALGAPB,106044
RALY,114663
RAMAC,4848
RAMACL,3670
RAN,5642
RANBP1,11418
RANBP10,83491
RANBP2,66329
RANBP3,62004
RANBP6,4601
RANBP9,90338
RANGAP1,41409
RANGRF,1439
RAP1A,174474
RAP1B,61047
RAP2A,34960
RAP2B,8402
RAP2C,16457
RAPGEF1,163307
RARA,48464
RARG,22414
RARS1,32851
RARS2,76570
RASA1,124049
RASA3,154841
RASAL3,12921
RASGRP1,77473
RASGRP2,18546
RASGRP3,128427
RASSF1,11199
RASSF2,43586
RASSF3,190564
RASSF4,36485
RASSF5,81918
RASSF7,3622
RAVER1,17427
RBAK,23667
RBBP4,35070
RBBP5,35874
RBBP6,35171
RBBP7,31080
RBBP9,10686
RBCK1,24642
RBFA,16263
RBIS,6374
RBL1,99649
RBL2,57672
RBM10,41593
RBM12,16032
RBM12B,12863
RBM14,13309
RBM15,8176
RBM15B,6624
RBM17,28424
RBM18,27219
RBM19,149588
RBM22,10286
RBM23,25979
RBM25,65368
RBM26,94654
RBM27,85619
RBM28,46224
RBM3,6714
RBM33,137035
RBM38,17938
RBM39,40966
RBM4,29708
RBM41,56939
RBM42,8657
RBM43,13924
RBM45,26588
RBM48,11709
RBM4B,12890
RBM5,30103
RBM6,160039
RBM7,14174
RBM8A,6123
RBMX,32761
RBMX2,11670
RBMXL1,13505
RBP5,13154
RBPJ,271677
RBPMS2,35699
RBSN,29091
RBX1,21963
RC3H1,91274
RC3H2,60804
RCBTB1,53613
RCC1,33358
RCC1L,47107
RCC2,32918
RCCD1,8245
RCE1,3718
RCHY1,35732
RCN1,14649
RCN2,22656
RCOR3,58009
RCSD1,78604
RDH11,18994
RDH13,32184
RDH14,5957
RDH5,4339
RDM1,12708
REC8,8405
RECQL,32760
RECQL4,6558
RECQL5,40345
REEP4,3932
REEP5,45905
REL,50122
RELA,9492
RELB,36732
RELL2,4115
RELT,21076
REPIN1,5856
REPS1,84769
RER1,13668
RESF1,33738
REST,58933
RETREG2,9251
RETREG3,31111
RETSAT,12577
REV1,89561
REX1BD,3653
REXO1,33236
REXO2,10845
REXO4,12038
RFC1,78920
RFC2,22960
RFC3,148490
RFC4,17179
RFC5,19543
RFFL,83330
RFK,8992
RFLNB,5962
RFNG,3930
RFT1,41971
RFTN1,200453
RFWD3,45479
RFX5,6687
RFX7,157803
RFXANK,9641
RFXAP,9883
RGL2,7289
RGL4,11041
RGMB,29994
RGP1,9299
RGS1,4262
RGS10,42903
RGS14,14673
RGS16,5767
RGS19,6808
RHBDD3,8338
RHBDF2,30900
RHEBL1,5350
RHNO1,13267
RHOA,53860
RHOB,2367
RHOBTB2,33093
RHOC,6308
RHOF,25650
RHOG,13982
RHOH,55957
RHOQ,42883
RHOT2,6075
RHOV,2021
RHPN1,15346
RIC1,147533
RIC8A,7406
RICTOR,136480
RIDA,14828
RIF1,98131
RILPL2,21646
RIMKLB,101496
RIMOC1,17449
RING1,4223
RINL,10446
RINT1,35509
RIOK1,28245
RIOK2,22381
RIOK3,33317
RIOX1,2462
RIOX2,30640
RIPK2,33259
RIPK3,3998
RIPOR1,28371
RIT1,13597
RITA1,6843
RLF,79535
RLIM,31649
RLN2,4853
RMC1,28353
RMDN1,46101
RMDN3,19968
RMI1,23277
RMI2,132044
RMND1,53261
RMND5A,57751
RMND5B,19573
RNASE6,1200
RNASEH1,16904
RNASEH2B,114374
RNASEH2C,6814
RNASEK,2116
RNASEL,15623
RNASET2,35079
RNF10,44109
RNF103,20469
RNF11,37175
RNF113A,1259
RNF114,17550
RNF115,85228
RNF122,19375
RNF123,31992
RNF126,15708
RNF135,28928
RNF138,39688
RNF139,13739
RNF14,31965
RNF141,29558
RNF145,52645
RNF146,21842
RNF149,37483
RNF166,9910
RNF167,5215
RNF168,34986
RNF169,93565
RNF181,1984
RNF185,46838
RNF187,12518
RNF19A,79159
RNF19B,28365
RNF20,29492
RNF207,15825
RNF208,1994
RNF213,137943
RNF214,53830
RNF216,161650
RNF227,2951
RNF25,8111
RNF26,2783
RNF31,13978
RNF34,30541
RNF38,151153
RNF39,5584
RNF4,163101
RNF40,14563
RNF41,19755
RNF44,11314
RNF5,2389
RNF6,90200
RNF7,9312
RNF8,40756
RNFT1,12522
RNH1,12789
RNMT,37897
RNPC3,29549
RNPEP,23776
RNPEPL1,15569
RNPS1,15282
RO60,32324
ROCK1,164908
ROM1,3395
ROMO1,1713
RRAGA,1599
RRAGB,41026
RRAGC,21575
RRBP1,68618
RREB1,144384
RRM1,44226
RRM2,91028
RRM2B,34460
RRN3,34279
RRP1,15781
RRP12,69719
RRP15,52691
RRP1B,36520
RRP36,12534
RRP7A,11453
RRP8,8545
RRP9,8476
RRS1,1720
RSAD1,7115
RSBN1,50645
RSBN1L,86564
RSF1,160861
RSL1D1,17731
RSL24D1,16244
RSPH9,27565
RSPRY1,54333
RSRC2,23547
RSRP1,95965
RTCA,26554
RTCB,24667
RTF1,75156
RTF2,50865
RTKN,16588
RTL10,8759
RTL8A,1265
RTL8C,1192
RTN2,11762
RTN3,78446
RTN4,140435
RTP4,3692
RTRAF,21181
RUBCN,80861
RUBCNL,103510
RUFY1,59459
RUFY2,66188
RUNDC1,14578
RUNX3,65611
RUSC1,10221
RUSF1,19839
RUVBL1,89137
RUVBL2,22409
RWDD1,26267
RWDD2A,5579
RWDD2B,14977
RWDD3,13016
RXRB,7078
RXYLT1,29960
RYBP,74797
S100A1,4114
S100A11,15402
S100A6,1646
S100PBP,42109
S1PR1,6849
S1PR2,9899
S1PR4,7987
SAAL1,36153
SAC3D1,3928
SACM1L,56354
SACS,145075
SAE1,97363
SAFB,45444
SAFB2,37048
SAMD1,3186
SAMD10,5893
SAMD11,20653
SAMD4B,43290
SAMD8,82538
SAMD9,18511
SAMD9L,18330
SAMHD1,61665
SAMM50,55090
SAMSN1,173594
SAP18,8979
SAP30,7564
SAP30BP,40812
SAP30L,15057
SAPCD1,2195
SAPCD2,8431
SAR1A,23235
SAR1B,48123
SARAF,20206
SARM1,39694
SARS1,24265
SARS2,15498
SART1,18410
SART3,39187
SASH3,15253
SASS6,49393
SAT1,3038
SAT2,1643
SAV1,36249
SAYSD1,11124
SBDS,8014
SBF1,40705
SBNO1,75739
SBNO2,66632
SC5D,20730
SCAF1,16434
SCAF11,72990
SCAF4,61119
SCAF8,100867
SCAMP2,29636
SCAMP3,6452
SCAMP4,20642
SCAND1,5856
SCAP,63446
SCARB1,105813
SCCPDH,43729
SCD,17594
SCFD1,115404
SCIMP,25941
SCNM1,13633
SCO1,25902
SCO2,2894
SCOC,128443
SCP2,124423
SCPEP1,28640
SCRIB,24854
SCRN1,70186
SCRN2,3598
SCRN3,33846
SCYL1,13628
SCYL2,74576
SCYL3,44637
SDAD1,50013
SDC1,24637
SDCBP,29936
SDE2,16642
SDF2,13844
SDF2L1,1998
SDF4,15101
SDHA,38780
SDHAF1,1125
SDHAF2,16692
SDHAF3,64066
SDHAF4,22653
SDHB,35311
SDHC,48826
SDHD,33193
SDR39U1,3140
SDR42E1,22627
SEC11A,46923
SEC11C,18967
SEC13,27982
SEC14L1,128353
SEC16A,43664
SEC22B,25623
SEC22C,53112
SEC23A,77728
SEC23B,53896
SEC23IP,51928
SEC24A,79125
SEC24B,107125
SEC24C,27790
SEC24D,115861
SEC31A,82658
SEC31B,33219
SEC61A1,20065
SEC61A2,40325
SEC61B,8552
SEC61G,7725
SEC62,31739
SEC63,90453
SECISBP2,41164
SECISBP2L,57972
SEH1L,40404
SEL1L,62307
SEL1L3,116328
SELENOF,51980
SELENOH,2064
SELENOI,87339
SELENOK,7469
SELENOO,16606
SELENOS,6684
SELENOT,27562
SELENOW,6010
SELL,21038
SELPLG,12000
SEMA4A,30387
SEMA4B,69076
SEMA4C,11040
SEMA4D,137344
SEMA4G,16368
SEMA7A,24670
SENP1,63183
SENP2,51056
SENP3,10051
SENP5,66859
SENP6,116773
SEPHS1,30871
SEPHS2,2244
SEPSECS,40537
SEPTIN1,17857
SEPTIN11,90634
SEPTIN2,38928
SEPTIN6,77647
SEPTIN7,106179
SEPTIN8,56423
SEPTIN9,220028
SERBP1,22606
SERF2,27341
SERINC1,28457
SERINC3,25865
SERINC4,6059
SERP1,61231
SERPINB10,28154
SERPINB2,32197
SERPINB8,49751
SERPINB9,16040
SERPINH1,10728
SERTAD1,4404
SERTAD2,119385
SERTAD3,3492
SESN2,22974
SESN3,67029
SET,12977
SETD1A,26911
SETD1B,28648
SETD2,147686
SETD3,83142
SETD4,44849
SETD5,81626
SETD6,8364
SETDB1,38482
SETDB2,50730
SETMAR,13934
SETSIP,879
SETX,93631
SF1,14181
SF3A1,24932
SF3A2,11832
SF3A3,33101
SF3B1,46565
SF3B2,18580
SF3B3,53880
SF3B4,4487
SF3B5,690
SF3B6,8788
SFI1,129901
SFPQ,17069
SFR1,4328
SFSWAP,88658
SFT2D1,22849
SFT2D2,27084
SFT2D3,3746
SFXN1,52681
SFXN2,28955
SFXN4,24948
SGCB,17594
SGO1,25614
SGO2,74089
SGPP1,43850
SGSH,14208
SGSM2,43561
SGTA,28648
SH2B1,27613
SH2B2,36621
SH2B3,45701
SH2D2A,10606
SH2D3A,15304
SH2D3C,40394
SH3BGRL,96446
SH3BGRL3,1437
SH3BP1,21464
SH3BP2,48028
SH3BP5,87016
SH3BP5L,15470
SH3D19,222855
SH3D21,22973
SH3GL1,40178
SH3GLB1,43615
SH3GLB2,21296
SH3KBP1,353624
SH3TC1,59732
SH3YL1,48669
SHARPIN,9492
SHC1,12098
SHCBP1,42789
SHFL,7131
SHISA3,5000
SHISA5,37029
SHISA8,5532
SHKBP1,14547
SHLD3,5902
SHMT1,35704
SHMT2,5363
SHOC2,97941
SHPRH,100179
SHROOM1,8519
SIAH2,22353
SIDT1,97021
SIDT2,18710
SIGIRR,11740
SIGLEC10,7784
SIGLEC14,7348
SIGMAR1,3123
SIKE1,11207
SIN3A,86464
SIN3B,50956
SINHCAF,46475
SIPA1,12818
SIPA1L1,420781
SIRPG,28628
SIRT1,33735
SIRT2,21308
SIRT3,21902
SIRT5,40932
SIRT6,8458
SIRT7,9385
SIT1,1637
SIVA1,15348
SIX5,4468
SKA1,19129
SKA2,45404
SKA3,22958
SKIL,39158
SKIV2L,10703
SKP1,28030
SKP2,44861
SLA2,33879
SLAIN1,66556
SLAIN2,84673
SLAMF1,38939
SLAMF6,38233
SLAMF7,15765
SLBP,19614
SLC10A3,3385
SLC11A2,49166
SLC12A2,105912
SLC12A4,26128
SLC12A6,108277
SLC12A8,130229
SLC12A9,40191
SLC15A3,15594
SLC15A4,30765
SLC16A1,45747
SLC16A11,2472
SLC16A13,4103
SLC16A3,43196
SLC17A9,16879
SLC19A1,79794
SLC19A2,22036
SLC1A1,97002
SLC1A4,35389
SLC1A5,13712
SLC20A1,17887
SLC22A5,25904
SLC23A2,157938
SLC24A1,49630
SLC24A5,21683
SLC25A1,3159
SLC25A10,8781
SLC25A11,2924
SLC25A15,23049
SLC25A17,49770
SLC25A19,16530
SLC25A20,41979
SLC25A22,7807
SLC25A23,29125
SLC25A24,66807
SLC25A25,41045
SLC25A28,12275
SLC25A29,15432
SLC25A3,12789
SLC25A30,25140
SLC25A32,16555
SLC25A35,7638
SLC25A36,39166
SLC25A37,46508
SLC25A38,13982
SLC25A39,5246
SLC25A4,7117
SLC25A40,42793
SLC25A42,49037
SLC25A43,55143
SLC25A44,18865
SLC25A45,8510
SLC25A46,27026
SLC25A5,2975
SLC25A6,5962
SLC26A2,32698
SLC26A6,9771
SLC27A3,5804
SLC27A4,20944
SLC27A5,32902
SLC29A1,14590
SLC29A2,9694
SLC2A1,33541
SLC2A11,29610
SLC2A3,16958
SLC2A4RG,4275
SLC2A5,53373
SLC2A6,8034
SLC2A8,11287
SLC30A1,7594
SLC30A5,37079
SLC30A6,58539
SLC30A7,85682
SLC30A9,99960
SLC31A1,42949
SLC33A1,33433
SLC35A2,8779
SLC35A3,66284
SLC35A4,4655
SLC35A5,23871
SLC35B1,8081
SLC35B2,3795
SLC35B3,24127
SLC35B4,27599
SLC35C1,8945
SLC35C2,18479
SLC35D1,54799
SLC35E1,22585
SLC35E2B,33267
SLC35E3,47840
SLC35F2,137303
SLC35F5,51683
SLC35F6,16948
SLC37A2,27215
SLC37A4,7156
SLC38A1,86955
SLC38A10,50737
SLC38A2,14586
SLC38A5,11724
SLC38A7,19662
SLC39A1,9086
SLC39A13,9365
SLC39A14,66852
SLC39A3,7825
SLC39A4,7103
SLC39A6,20855
SLC39A7,4135
SLC39A8,180179
SLC39A9,64376
SLC3A1,46037
SLC3A2,32877
SLC43A1,31247
SLC43A3,20627
SLC44A2,42101
SLC46A1,12556
SLC46A3,18907
SLC4A1AP,31941
SLC4A2,19317
SLC4A7,111700
SLC50A1,3514
SLC52A2,27330
SLC5A10,72251
SLC5A2,7859
SLC5A3,32683
SLC5A6,13372
SLC66A1,16975
SLC66A2,49238
SLC66A3,23673
SLC6A6,86774
SLC7A1,86275
SLC7A5,39485
SLC7A6,37308
SLC7A6OS,26444
SLC7A7,56599
SLC9A3,53994
SLC9A3R1,20726
SLC9A5,34509
SLC9A7,159868
SLC9A8,79530
SLC9B2,65962
SLCO4A1,43283
SLF2,52172
SLFN11,23397
SLFN12,22362
SLFN12L,73430
SLFN13,13742
SLFNL1,7649
SLIRP,53034
SLK,62094
SLTM,54630
SLU7,20071
SLX4,30426
SLX9,36978
SMAD2,122190
SMAD3,131411
SMAD4,56652
SMAD5,55903
SMAD7,31113
SMAP2,78477
SMARCA2,213335
SMARCA4,118495
SMARCA5,43785
SMARCAD1,83682
SMARCAL1,70671
SMARCB1,51079
SMARCC1,196838
SMARCC2,27209
SMARCD1,15508
SMARCD2,10985
SMARCE1,23693
SMC1A,48580
SMC2,47160
SMC3,38365
SMC4,35681
SMC5,95896
SMC6,136431
SMCHD1,149292
SMCR8,12764
SMDT1,4594
SMG1,121549
SMG5,33602
SMG7,126031
SMG8,5840
SMG9,26980
SMIM10L1,4823
SMIM14,92567
SMIM15,4765
SMIM19,14041
SMIM26,2217
SMIM27,17478
SMIM29,2728
SMIM3,17978
SMIM30,1843
SMIM38,6963
SMIM7,29692
SMNDC1,14209
SMO,24913
SMPD1,4559
SMPD2,3196
SMPD4,31359
SMS,54129
SMTN,40653
SMU1,34910
SMYD2,56030
SMYD4,51150
SMYD5,13000
SNAP23,54124
SNAP29,32208
SNAP47,53627
SNAPC1,34009
SNAPC2,2913
SNAPC3,43220
SNAPC4,24610
SNAPC5,7646
SNAPIN,3150
SND1,440416
SNF8,15527
SNIP1,19845
SNN,10698
SNRNP200,46934
SNRNP25,3842
SNRNP27,11620
SNRNP35,15067
SNRNP40,37221
SNRNP48,21770
SNRNP70,23187
SNRPA,14753
SNRPA1,13773
SNRPB,9220
SNRPB2,12604
SNRPC,16353
SNRPD1,21211
SNRPD2,5110
SNRPD3,26095
SNRPE,9554
SNRPF,44877
SNRPG,12379
SNU13,16572
SNUPN,28387
SNW1,43609
SNX1,51968
SNX10,82522
SNX11,20245
SNX12,17095
SNX17,7040
SNX19,50230
SNX2,59465
SNX20,15054
SNX21,9478
SNX22,5767
SNX25,165949
SNX3,50025
SNX32,23063
SNX4,73553
SNX5,27384
SNX6,69068
SNX8,102549
SOAT1,64967
SOCS1,1788
SOCS2,13674
SOCS4,22260
SOCS7,53750
SOD1,9266
SOD2,93461
SOGA1,86092
SON,34444
SORD,54039
SORL1,181450
SOS1,162140
SOS2,114449
SOWAHD,1615
SOX12,4673
SOX15,1917
SOX4,4869
SOX9,5397
SP1,36271
SP100,129665
SP110,60544
SP140,110106
SP140L,76549
SP2,32808
SP3,84524
SP4,86780
SPAG1,101373
SPAG4,5266
SPAG5,21461
SPAG7,8592
SPAG8,4228
SPAG9,158695
SPARC,25880
SPATA2,12139
SPATA20,12795
SPATA21,50308
SPATA24,7527
SPATA25,1132
SPATA2L,5349
SPATA33,13533
SPATA5L1,19080
SPC24,24288
SPCS1,6194
SPCS2,29773
SPCS3,12280
SPDL1,21143
SPDYE3,14495
SPEN,104362
SPG11,108871
SPG21,27289
SPG7,67048
SPHK2,11427
SPI1,23688
SPIB,12377
SPIN1,90265
SPIN2B,2998
SPIN4,4105
SPINDOC,14261
SPINT1,14190
SPN,7898
SPOP,79280
SPOPL,71778
SPPL2A,63683
SPPL2B,26481
SPR,4777
SPRING1,27900
SPRN,3960
SPRTN,17920
SPRY2,5151
SPRYD3,15089
SPRYD4,11131
SPRYD7,23789
SPSB3,16989
SPTAN1,81105
SPTBN1,215130
SPTLC1,115327
SPTLC2,110641
SPTSSA,29453
SPTY2D1,28389
SQLE,23787
SQSTM1,31681
SRA1,20338
SRC,61366
SRD5A1,40960
SREBF1,26604
SREBF2,74229
SREK1,43645
SREK1IP1,50544
SRF,10238
SRGN,16703
SRI,21879
SRM,5437
SRP14,3492
SRP19,37184
SRP54,47730
SRP68,33743
SRP72,36065
SRP9,12656
SRPK1,88377
SRPRA,6207
SRPRB,41750
SRR,21878
SRRD,10782
SRRM1,41566
SRRM2,19913
SRRT,13562
SRSF1,6428
SRSF10,16581
SRSF11,47371
SRSF2,3219
SRSF3,11248
SRSF4,34158
SRSF5,45106
SRSF6,8154
SRSF7,7896
SRSF8,4307
SRSF9,8077
SS18,74965
SS18L1,38746
SS18L2,15095
SSB,20132
SSBP1,49589
SSBP4,15699
SSH1,79400
SSH2,304339
SSNA1,1711
SSR1,79141
SSR2,11904
SSR3,15597
SSR4,4984
SSRP1,9907
SSTR3,8241
SSU72,33191
ST13,32105
ST3GAL1,117093
ST3GAL2,63261
ST3GAL6,88966
ST6GAL1,148229
ST6GALNAC4,9156
ST8SIA4,96350
STAG3,43926
STAM2,58963
STAMBP,44744
STAMBPL1,95420
STARD3,27112
STARD3NL,52426
STARD4,16558
STARD5,15131
STARD7,23969
STAT1,112501
STAT2,18607
STAT3,75217
STAT5A,24397
STAT5B,89458
STAT6,36732
STAU1,75029
STEAP3,41822
STEEP1,27261
STIL,64754
STIM1,238684
STIM2,167781
STIP1,19272
STK10,146146
STK11,50874
STK11IP,18595
STK16,4883
STK17A,67956
STK17B,42921
STK19,11731
STK24,132756
STK25,17061
STK26,52642
STK35,75212
STK36,30648
STK38,53588
STK38L,81992
STK4,113528
STK40,46301
STMN1,22811
STMP1,30923
STOM,31318
STOML1,15697
STOML2,3420
STRA6,32802
STRADA,59651
STRAP,21092
STRBP,159087
STRIP1,43065
STRN,128839
STRN4,27484
STT3A,33504
STT3B,104979
STUB1,2647
STX10,6326
STX11,41453
STX12,51225
STX16,28274
STX17,67881
STX2,49667
STX4,10087
STX5,25192
STX6,50410
STX7,67332
STXBP2,11102
STXBP3,62850
STYX,44824
SUB1,72447
SUCLG1,36518
SUCO,79485
SUDS3,41479
SUGP1,44492
SUGP2,43136
SUGT1,48201
SUMF2,16669
SUMO1,32418
SUMO2,17374
SUMO3,13163
SUMO4,1017
SUN1,79821
SUN2,60854
SUOX,9462
SUPT16H,32544
SUPT20H,50402
SUPT4H1,7919
SUPT5H,40515
SUPT6H,40482
SUPT7L,13032
SUPV3L1,28866
SURF1,4919
SURF2,4609
SURF4,14717
SURF6,7413
SUSD3,26446
SUSD6,103549
SUV39H1,13463
SUV39H2,25496
SUZ12,64032
SVBP,10346
SVIP,16501
SWAP70,88917
SWSAP1,2286
SYAP1,45729
SYF2,10227
SYK,96763
SYMPK,47785
SYNC,23691
SYNCRIP,36285
SYNE2,464535
SYNE3,109385
SYNE4,5507
SYNGAP1,34029
SYNGR2,4947
SYNGR3,4616
SYNJ2BP,50592
SYNPO,58128
SYNRG,94666
SYPL1,22072
SYS1,14862
SYT11,25633
SYTL1,11918
SYVN1,12753
SZRD1,45571
SZT2,64366
TAB1,37283
TAB2,192973
TAB3,147643
TACC1,124843
TACC3,32314
TACO1,7484
TACSTD2,1820
TADA1,19755
TADA2A,72840
TADA2B,16054
TADA3,13045
TAF1,166153
TAF10,6246
TAF11,11731
TAF13,13517
TAF15,55134
TAF1C,9224
TAF1D,54444
TAF1L,6216
TAF2,102090
TAF5,21100
TAF5L,32989
TAF6,12966
TAF6L,15986
TAF7,60901
TAF8,36949
TAF9,7988
TAF9B,9903
TAFAZZIN,10203
TAGAP,10685
TAGLN,8095
TAGLN2,7401
TALDO1,17598
TANGO2,50151
TANK,99323
TAOK1,161541
TAOK2,18394
TAP1,8608
TAP2,16907
TAPBP,14591
TAPBPL,14828
TARBP1,87867
TARBP2,5511
TARDBP,18185
TARS1,27396
TARS2,20189
TAS2R19,1002
TAS2R20,2344
TAS2R31,1021
TAS2R5,1151
TASL,18958
TASOR,63134
TASOR2,79049
TATDN2,33196
TATDN3,25003
TAX1BP1,105234
TBC1D10B,13393
TBC1D10C,6175
TBC1D13,23178
TBC1D14,123877
TBC1D15,87542
TBC1D17,11085
TBC1D20,38971
TBC1D23,64260
TBC1D25,22896
TBC1D2B,93689
TBC1D4,198667
TBC1D9B,45832
TBCB,11659
TBCC,1606
TBCCD1,24477
TBK1,50025
TBL1XR1,208661
TBL2,11255
TBL3,10877
TBP,18569
TBPL1,38263
TBRG1,13091
TBRG4,11948
TBX6,6132
TCAIM,71333
TCEA1,55905
TCEA2,22512
TCEAL1,2250
TCEAL3,22240
TCEAL4,11499
TCEAL8,2198
TCEANC2,58936
TCERG1,64651
TCF19,8613
TCF20,183604
TCF25,40058
TCF3,43325
TCF4,442603
TCF7,37185
TCFL5,20818
TCHP,83578
TCIRG1,11871
TCL1A,4250
TCOF1,42680
TCP1,11206
TCP11L1,66527
TCTA,4265
TCTN1,49405
TCTN3,34321
TDG,23053
TDP1,89826
TDP2,16952
TDRD7,84030
TDRKH,21310
TEC,134056
TECPR1,37609
TEDC1,9721
TEDC2,4878
TEFM,8903
TELO2,17114
TENT2,76127
TENT4A,43613
TENT4B,82400
TEP1,47835
TEPSIN,10815
TERF1,39268
TERF2,53005
TERF2IP,114100
TERT,41922
TES,48278
TESC,60557
TESK1,4780
TESPA1,36748
TET2,133942
TET3,123267
TEX10,50866
TEX261,8932
TEX264,41631
TEX30,7924
TEX9,202027
TFAM,13876
TFAP4,15890
TFB1M,58360
TFB2M,25701
TFCP2,79480
TFDP1,56753
TFE3,14685
TFEB,52282
TFG,39670
TFIP11,21281
TFPT,8638
TFR2,22364
TFRC,69643
TGDS,22189
TGFB1,52336
TGFBR1,50155
TGFBRAP1,65345
TGIF2,20463
TGM5,34339
TGOLN2,10225
TGS1,53000
THAP1,6652
THAP11,1876
THAP12,31235
THAP2,16344
THAP3,10719
THAP4,52754
THAP5,15208
THAP6,36528
THAP7,3093
THBS3,13464
THEM4,38772
THEM5,6612
THEM6,9705
THEMIS2,14143
THG1L,10030
THNSL1,10053
THOC1,53531
THOC2,132496
THOC5,49338
THOC6,3729
THOC7,29999
THOP1,30305
THRAP3,80926
THTPA,4284
THUMPD1,39269
THUMPD2,43208
THUMPD3,23821
THY1,9510
THYN1,5092
TIA1,39217
TIAL1,25228
TICAM1,15781
TICRR,55588
TIFA,11368
TIGD1,6675
TIGD2,3369
TIGD5,5394
TIGD6,7537
TIGD7,6922
TIMELESS,33064
TIMM10,2340
TIMM10B,3181
TIMM13,1962
TIMM17A,15162
TIMM17B,4697
TIMM21,12009
TIMM22,6543
TIMM23,31254
TIMM29,4725
TIMM44,16950
TIMM50,13374
TIMM8A,3082
TIMM8B,1999
TIMM9,19037
TIMMDC1,26544
TIMP1,4382
TINF2,4378
TIPARP,33536
TIPRL,23148
TIRAP,16349
TJAP1,29034
TK1,13143
TKFC,20076
TKT,31341
TLCD1,3588
TLCD3A,10557
TLE3,50387
TLE5,10198
TLK1,240492
TLN1,35248
TLNRD1,4866
TLR1,66141
TLR10,10753
TLR6,33921
TLR7,23290
TM2D2,8017
TM2D3,30948
TM7SF2,4540
TM7SF3,42856
TM9SF1,6539
TM9SF2,117738
TM9SF3,69343
TM9SF4,57545
TMA16,26098
TMA7,3952
TMBIM1,18390
TMBIM6,57210
TMC6,25011
TMC8,12199
TMCC3,83436
TMCO1,103463
TMCO3,63570
TMCO6,5974
TMED1,4252
TMED10,45144
TMED2,14050
TMED3,116321
TMED4,4394
TMED5,30775
TMED7,19783
TMED8,42066
TMED9,5040
TMEM101,12759
TMEM102,2245
TMEM106A,8207
TMEM106B,32098
TMEM106C,5310
TMEM107,3943
TMEM109,9286
TMEM11,16223
TMEM115,4772
TMEM120A,7826
TMEM120B,70250
TMEM121,3620
TMEM123,74053
TMEM126A,8581
TMEM126B,7967
TMEM127,17484
TMEM128,12682
TMEM129,5407
TMEM131,239616
TMEM131L,170366
TMEM132A,12700
TMEM134,7563
TMEM138,15927
TMEM140,18144
TMEM141,1974
TMEM143,31704
TMEM147,1927
TMEM14A,15476
TMEM14C,8215
TMEM150A,4650
TMEM154,61385
TMEM156,66179
TMEM160,2716
TMEM161A,19345
TMEM161B,79844
TMEM165,57441
TMEM167A,25018
TMEM167B,6171
TMEM168,28047
TMEM170A,22444
TMEM170B,45776
TMEM175,26270
TMEM177,7341
TMEM179B,2999
TMEM18,13530
TMEM183A,17475
TMEM184A,18587
TMEM184C,54659
TMEM185B,5922
TMEM186,17259
TMEM187,10441
TMEM19,18966
TMEM199,6042
TMEM200A,77051
TMEM200B,4475
TMEM201,25967
TMEM203,1567
TMEM205,3743
TMEM208,2176
TMEM209,43058
TMEM214,8785
TMEM216,6474
TMEM218,17375
TMEM219,32166
TMEM222,14256
TMEM223,20378
TMEM230,44872
TMEM231,19549
TMEM234,7888
TMEM237,23387
TMEM242,34577
TMEM243,24428
TMEM245,104813
TMEM248,37327
TMEM25,16240
TMEM250,4295
TMEM251,3513
TMEM254,13912
TMEM256,1123
TMEM258,24302
TMEM259,11532
TMEM262,4397
TMEM263,23060
TMEM267,39642
TMEM268,35217
TMEM273,33861
TMEM30A,32025
TMEM33,25675
TMEM38A,28885
TMEM39A,39882
TMEM39B,30836
TMEM41A,22562
TMEM41B,33983
TMEM42,3767
TMEM43,18666
TMEM50A,24045
TMEM50B,47490
TMEM53,39244
TMEM59,26824
TMEM60,4707
TMEM63A,36845
TMEM63B,28606
TMEM68,76984
TMEM69,6256
TMEM70,10347
TMEM79,10251
TMEM80,9438
TMEM81,1332
TMEM86B,2147
TMEM87A,63138
TMEM87B,64050
TMEM9,36803
TMEM94,59294
TMEM97,9486
TMEM9B,17810
TMF1,32513
TMOD1,100564
TMOD2,64767
TMOD3,117668
TMPO,34773
TMPPE,6726
TMSB10,1016
TMSB4X,2118
TMUB1,2409
TMUB2,4960
TMX1,17494
TMX2,28381
TMX3,41421
TMX4,42460
TNF,2772
TNFAIP1,11408
TNFAIP2,15964
TNFAIP3,16101
TNFAIP8,130997
TNFAIP8L1,16053
TNFAIP8L2,3101
TNFRSF10A,34651
TNFRSF10B,48899
TNFRSF10D,28440
TNFRSF13B,42303
TNFRSF13C,4775
TNFRSF14,9744
TNFRSF17,2859
TNFRSF18,3085
TNFRSF19,105735
TNFRSF1A,13358
TNFRSF1B,42238
TNFRSF4,2828
TNFRSF8,80905
TNFSF11,45278
TNFSF13,3317
TNFSF14,9336
TNFSF9,4899
TNIK,401995
TNIP1,63633
TNIP2,14695
TNK2,48582
TNKS2,67050
TNPO1,100422
TNPO2,24811
TNPO3,100994
TNRC6A,217424
TOB1,5756
TOB2,13308
TOE1,3922
TOLLIP,35284
TOM1,48718
TOMM20,19497
TOMM22,3465
TOMM34,18268
TOMM40,13121
TOMM40L,4808
TOMM5,9959
TOMM7,10222
TOMM70,37659
TONSL,15666
TOP1,95666
TOP2A,29372
TOP2B,66932
TOP3A,43580
TOP3B,25789
TOPBP1,64206
TOPORS,12043
TOR1A,11303
TOR1AIP1,38036
TOR1AIP2,37837
TOR1B,8125
TOR2A,3790
TOR3A,15954
TOR4A,4916
TOX4,22579
TP53,25760
TP53BP1,107668
TP53I13,7106
TP53I3,8429
TP53INP1,23407
TP53INP2,9101
TP53RK,5080
TP73,83686
TPBG,4215
TPCN1,77536
TPD52,196488
TPD52L2,26318
TPGS1,12158
TPGS2,51570
TPI1,3830
TPM3,39345
TPM4,35982
TPMT,26767
TPP1,6681
TPP2,83001
TPR,64042
TPRA1,27036
TPRG1L,5113
TPRKB,8297
TPRN,12577
TPT1,7814
TPX2,62535
TRA2A,27262
TRA2B,23546
TRABD,13686
TRADD,5725
TRAF1,26781
TRAF2,44696
TRAF3,134052
TRAF3IP2,51526
TRAF3IP3,26289
TRAF4,6946
TRAF5,48332
TRAF6,26504
TRAF7,22432
TRAFD1,28067
TRAIP,27974
TRAK1,212089
TRAK2,74294
TRAM1,35199
TRAM2,79653
TRAP1,65915
TRAPPC1,1779
TRAPPC10,94244
TRAPPC11,54328
TRAPPC13,41230
TRAPPC14,4304
TRAPPC2,22392
TRAPPC2B,1855
TRAPPC2L,6467
TRAPPC3,19484
TRAPPC4,6692
TRAPPC5,6871
TRAPPC6A,15310
TRAPPC6B,22722
TRAPPC8,123940
TREML2,11401
TRERF1,227121
TRIAP1,2421
TRIB1,8046
TRIB2,25825
TRIB3,34725
TRIM11,13163
TRIM13,24594
TRIM14,49948
TRIM21,8806
TRIM22,47480
TRIM25,77694
TRIM26,28973
TRIM27,20987
TRIM28,6659
TRIM32,13996
TRIM33,118414
TRIM35,26387
TRIM38,28430
TRIM39,17251
TRIM4,42574
TRIM41,13310
TRIM44,155233
TRIM47,4418
TRIM52,7074
TRIM56,12487
TRIM59,53329
TRIM65,16617
TRIM66,70658
TRIM68,9560
TRIM69,38842
TRIM7,11370
TRIM8,13840
TRIO,388787
TRIOBP,79509
TRIP10,13606
TRIP11,74906
TRIP12,159403
TRIP13,26474
TRIP6,6068
TRIR,4045
TRIT1,45402
TRMO,18012
TRMT1,12666
TRMT10A,17331
TRMT10B,25170
TRMT10C,4579
TRMT112,1100
TRMT12,11331
TRMT13,17347
TRMT1L,38972
TRMT2A,5518
TRMT2B,42771
TRMT5,9730
TRMT6,13331
TRMT61A,7878
TRMT61B,20489
TRMU,26466
TRNAU1AP,25461
TRNT1,26503
TROAP,8496
TRPC4AP,90404
TRPM7,134325
TRPT1,2456
TRPV2,21433
TRPV3,47311
TRRAP,172899
TRUB1,39482
TRUB2,17289
TSC1,55527
TSC2,41525
TSC22D2,58125
TSC22D3,64122
TSC22D4,15874
TSEN15,72328
TSEN2,57129
TSEN34,4599
TSEN54,8792
TSG101,58616
TSN,30751
TSNAX,37984
TSPAN14,78860
TSPAN17,11668
TSPAN3,42581
TSPAN31,12207
TSPAN33,24993
TSPO,11696
TSPOAP1,27568
TSPYL1,12171
TSPYL2,6174
TSPYL4,4112
TSPYL5,4441
TSR1,14262
TSR2,7629
TSR3,2639
TSSC4,3391
TSSK2,1315
TSSK4,2667
TSSK6,3131
TST,9325
TSTD1,1347
TSTD2,33289
TTC1,56431
TTC13,72633
TTC14,15666
TTC17,136014
TTC19,45232
TTC21B,96377
TTC3,129887
TTC30A,5744
TTC30B,3799
TTC31,11487
TTC32,5353
TTC37,93296
TTC38,26048
TTC39C,142838
TTC5,49403
TTC7A,160269
TTC9,33451
TTC9C,12225
TTF1,31304
TTF2,47128
TTI1,50455
TTI2,39800
TTK,38641
TTL,59584
TTLL12,20513
TTLL3,47053
TTLL4,44582
TTN,304814
TTPAL,18730
TTYH2,48450
TTYH3,32817
TUBA1A,4395
TUBA1B,3616
TUBA1C,85865
TUBA4A,28193
TUBB,8104
TUBB2A,4048
TUBB4B,2421
TUBB6,36652
TUBE1,16867
TUBG1,5598
TUBG2,7723
TUBGCP2,40189
TUBGCP3,103195
TUBGCP4,40551
TUBGCP5,56381
TUBGCP6,27335
TUFM,3938
TUG1,10151
TUSC1,1476
TUSC2,8225
TUT1,16593
TUT4,145206
TUT7,66722
TVP23B,25604
TWF1,12606
TWF2,18177
TWNK,7037
TWSG1,67654
TXLNA,18611
TXLNG,58088
TXN,12698
TXN2,14595
TXNDC11,63775
TXNDC15,27265
TXNDC17,3557
TXNDC9,21721
TXNIP,4145
TXNL1,54392
TXNL4A,63137
TXNL4B,50143
TXNRD1,134529
TYK2,30076
TYMP,4281
TYMS,15926
TYSND1,8720
TYW3,33527
TYW5,26824
U2AF1L4,2982
U2AF2,20571
U2SURP,96229
UAP1,39519
UAP1L1,7023
UBA1,24268
UBA2,42900
UBA3,25679
UBA5,25349
UBA52,5821
UBA6,88504
UBA7,8745
UBAC1,28405
UBALD1,6145
UBALD2,5951
UBAP1,73519
UBAP2,127696
UBAP2L,51332
UBB,1948
UBC,5765
UBE2A,116282
UBE2B,20925
UBE2C,4382
UBE2D1,35773
UBE2D2,102004
UBE2D3,74514
UBE2E1,85686
UBE2G1,97417
UBE2G2,33247
UBE2H,122229
UBE2I,18139
UBE2J1,26098
UBE2J2,19956
UBE2K,84684
UBE2L3,74588
UBE2L6,16629
UBE2M,3243
UBE2N,36275
UBE2NL,1185
UBE2O,63697
UBE2Q1,10452
UBE2Q2,57772
UBE2R2,103240
UBE2S,8044
UBE2T,10441
UBE2V2,56294
UBE2Z,20650
UBE3A,105324
UBE3B,59304
UBE3C,130455
UBE4A,39612
UBE4B,148408
UBFD1,16669
UBIAD1,22852
UBL3,86247
UBL4A,2899
UBL5,2224
UBL7,15206
UBLCP1,22747
UBN1,35737
UBN2,77881
UBP1,53036
UBQLN1,47991
UBQLN2,4242
UBQLN4,18500
UBR2,129477
UBR4,135757
UBR5,160487
UBR7,21975
UBTD2,74119
UBTF,16594
UBXN1,2620
UBXN11,37036
UBXN2A,77625
UBXN2B,40143
UBXN4,43323
UBXN6,12796
UBXN7,84769
UCHL1,12043
UCHL5,47831
UCK1,7464
UCK2,84005
UCKL1,16588
UCN,1046
UCP2,8172
UEVLD,59139
UFC1,6081
UFD1,29292
UFL1,33682
UFM1,13771
UFSP1,995
UFSP2,26443
UGCG,38556
UGDH,29557
UGGT1,104478
UGP2,50611
UHMK1,32381
UHRF1,59075
UHRF1BP1,85432
UHRF2,93904
ULK1,28529
ULK3,7229
UMPS,18841
UNC119,5924
UNC119B,13183
UNC13D,17561
UNC45A,23914
UNC50,9937
UNC93B1,13883
UNG,29129
UNK,40994
UNKL,51547
UPF1,36272
UPF2,123149
UPF3A,24217
UPF3B,18977
UQCC1,109466
UQCC2,17435
UQCC3,3414
UQCR10,3045
UQCR11,8305
UQCRB,12600
UQCRC1,11975
UQCRC2,30373
UQCRFS1,7832
UQCRH,13079
UQCRHL,2180
UQCRQ,2218
URB1,81995
URB2,33954
URGCP,50518
URI1,92969
URM1,20656
UROD,4626
UROS,38279
USB1,22073
USE1,4484
USF1,6727
USF2,10860
USF3,48262
USO1,89710
USP1,15508
USP10,79937
USP11,15463
USP12,105656
USP14,56247
USP15,157094
USP16,29860
USP19,12893
USP20,47131
USP21,6274
USP22,44165
USP24,149006
USP27X,3075
USP28,77699
USP3,90130
USP33,63866
USP34,283625
USP35,26421
USP36,54061
USP37,118101
USP38,38958
USP39,46428
USP4,63569
USP40,91263
USP42,56616
USP45,89404
USP46,68342
USP47,120465
USP48,105309
USP5,14485
USP51,5233
USP7,83232
USP8,90042
USP9X,151135
USPL1,43078
UTP11,15563
UTP14A,23641
UTP15,17938
UTP18,37391
UTP20,106514
UTP23,82959
UTP25,29594
UTP3,2020
UTP4,99840
UTP6,40805
UTS2R,5694
UVSSA,50299
UXT,7385
VAMP1,8441
VAMP2,4398
VAMP3,10137
VAMP4,41915
VAMP5,8976
VAMP7,62425
VAMP8,20470
VANGL1,56255
VAPA,46006
VAPB,61873
VARS1,18235
VASH2,41518
VASP,20405
VAT1,10517
VAV1,84659
VBP1,42835
VCAM1,19304
VCL,126171
VCP,18741
VCPIP1,38745
VCPKMT,7969
VDAC1,33105
VDAC2,21295
VDAC3,14314
VEGFA,16304
VEGFB,4681
VEZF1,16713
VEZT,85054
VGLL4,215282
VHL,11890
VIL1,34175
VILL,19130
VIM,9353
VIPAS39,31278
VIRMA,65841
VKORC1,5139
VKORC1L1,86490
VMA21,12850
VMAC,5982
VMP1,135064
VNN2,19590
VOPP1,136933
VPREB3,1683
VPS11,14155
VPS13A,244093
VPS13C,208085
VPS16,26030
VPS18,9526
VPS25,6151
VPS26A,50901
VPS26B,23118
VPS26C,44500
VPS28,4963
VPS29,11029
VPS35,33387
VPS36,38033
VPS37A,55497
VPS37B,30798
VPS37C,31359
VPS39,49607
VPS41,209421
VPS45,78051
VPS4A,15590
VPS4B,33294
VPS51,22539
VPS52,21776
VPS72,19018
VPS9D1,13765
VRK1,157543
VRK3,49479
VSIG10L2,12604
VTA1,77524
VTI1B,27736
VWA1,8022
WAC,90620
WAPL,86537
WARS1,43016
WAS,14836
WASF2,85938
WASHC4,61807
WASHC5,67560
WBP1,2492
WBP11,18905
WBP1L,90569
WBP2,10809
WBP4,22498
WDCP,20229
WDFY4,298084
WDHD1,88157
WDR1,48884
WDR11,58220
WDR12,140538
WDR13,18828
WDR18,14107
WDR24,5823
WDR26,51888
WDR3,36824
WDR33,110161
WDR35,79843
WDR36,38182
WDR38,4474
WDR4,36475
WDR41,194642
WDR43,53553
WDR45B,33992
WDR46,10140
WDR48,44659
WDR5,24604
WDR53,14498
WDR54,4078
WDR55,9257
WDR59,128812
WDR5B,4217
WDR6,8892
WDR61,21869
WDR62,50460
WDR73,15059
WDR74,9468
WDR75,34107
WDR76,41433
WDR77,9367
WDR81,22077
WDR82,33587
WDR83,9031
WDR89,44833
WDR90,18523
WDR91,27717
WDTC1,74005
WEE1,19788
WHAMM,26481
WHRN,103394
WIPF1,123345
WIPF2,64833
WIPI1,36566
WIPI2,43645
WIZ,29979
WNK1,158874
WNT10A,18730
WRAP53,17432
WRAP73,21995
WRN,142351
WRNIP1,21560
WSB1,21851
WSB2,29744
WTAP,30735
WWC3,129221
XAB2,10021
XAF1,20201
XBP1,6043
XIAP,54261
XKR8,8506
XPA,22432
XPC,33475
XPNPEP1,58788
XPO1,62710
XPO4,125720
XPO5,53705
XPO6,113990
XPO7,86924
XPOT,46734
XRCC1,37163
XRCC2,31418
XRCC3,17896
XRCC5,98840
XRCC6,42886
XRN1,141456
XRN2,86495
XYLT2,17013
YARS1,42795
YARS2,28408
YBEY,11410
YBX1,21388
YBX3,24235
YDJC,1976
YEATS2,114828
YEATS4,31161
YIF1A,4566
YIF1B,13716
YIPF2,6497
YIPF3,5154
YIPF4,38691
YIPF5,12553
YIPF6,38721
YJEFN3,8721
YJU2,22009
YJU2B,31537
YKT6,13336
YLPM1,96120
YME1L1,45156
YOD1,9132
YPEL1,38259
YPEL3,4602
YPEL5,13593
YRDC,5264
YTHDC1,39704
YTHDC2,81592
YTHDF1,20711
YTHDF2,33155
YTHDF3,44234
YWHAB,22831
YWHAE,55948
YWHAG,32193
YWHAH,13082
YWHAQ,47031
YWHAZ,36866
YY1,44491
YY1AP1,29558
YY2,2754
ZACN,11706
ZADH2,14027
ZBED1,14563
ZBED2,2447
ZBED3,15214
ZBED4,36237
ZBED5,46723
ZBED8,6907
ZBTB1,29979
ZBTB11,28247
ZBTB12,2474
ZBTB14,8035
ZBTB17,34264
ZBTB18,8930
ZBTB2,27445
ZBTB21,23557
ZBTB22,3537
ZBTB24,22608
ZBTB25,56108
ZBTB26,15947
ZBTB3,5866
ZBTB32,12481
ZBTB33,7647
ZBTB34,25240
ZBTB37,35466
ZBTB38,125580
ZBTB39,7711
ZBTB4,24898
ZBTB40,102320
ZBTB41,47612
ZBTB43,33205
ZBTB44,88241
ZBTB45,25382
ZBTB47,13884
ZBTB48,9287
ZBTB5,27349
ZBTB6,5268
ZBTB7A,23597
ZBTB7B,15894
ZBTB8OS,50732
ZBTB9,3575
ZC3H10,9255
ZC3H11B,5094
ZC3H12A,9798
ZC3H12D,38220
ZC3H13,98295
ZC3H14,64627
ZC3H15,23109
ZC3H18,61562
ZC3H4,49590
ZC3H7A,46673
ZC3H7B,58623
ZC3H8,43608
ZC3HAV1,88608
ZC3HAV1L,10337
ZC3HC1,33165
ZCCHC10,29620
ZCCHC17,67972
ZCCHC18,3712
ZCCHC2,64685
ZCCHC3,2752
ZCCHC8,29475
ZCCHC9,11711
ZCRB1,14172
ZDBF2,39765
ZDHHC12,3258
ZDHHC13,59324
ZDHHC16,11201
ZDHHC17,89594
ZDHHC18,30917
ZDHHC2,68318
ZDHHC20,110587
ZDHHC21,82362
ZDHHC23,17501
ZDHHC24,25599
ZDHHC3,60929
ZDHHC4,11941
ZDHHC5,33436
ZDHHC6,23145
ZDHHC7,37361
ZDHHC8,18552
ZDHHC9,40622
ZEB1,211320
ZER1,42629
ZFAND1,31570
ZFAND2A,8689
ZFAND2B,14415
ZFAND5,13823
ZFAND6,78826
ZFC3H1,58127
ZFP1,23743
ZFP36,2566
ZFP36L1,8594
ZFP36L2,4205
ZFP57,8673
ZFP62,13675
ZFP69,19054
ZFP69B,13617
ZFP82,35525
ZFP90,45983
ZFP91,42488
ZFP92,15010
ZFPL1,4189
ZFR,90391
ZFTA,8884
ZFX,67083
ZFYVE16,75367
ZFYVE19,7999
ZFYVE21,17939
ZFYVE26,89217
ZFYVE27,23787
ZGRF1,97663
ZHX1,27091
ZIK1,15435
ZKSCAN1,26118
ZKSCAN2,21845
ZKSCAN3,19226
ZKSCAN4,10573
ZKSCAN5,30039
ZKSCAN8,17578
ZKSCAN8P1,7826
ZMAT2,8007
ZMAT3,112095
ZMIZ1,247554
ZMIZ2,21301
ZMPSTE24,36140
ZMYM2,133153
ZMYM3,15523
ZMYM4,153350
ZMYM5,40168
ZMYM6,45781
ZMYND19,8432
ZMYND8,147676
ZNF100,44809
ZNF101,14714
ZNF106,78319
ZNF107,45479
ZNF117,34913
ZNF12,18515
ZNF121,24176
ZNF132,7340
ZNF133,28714
ZNF134,10492
ZNF136,26808
ZNF14,22641
ZNF140,27053
ZNF141,47055
ZNF142,26327
ZNF146,24170
ZNF148,149657
ZNF154,12930
ZNF160,36829
ZNF165,8996
ZNF17,10774
ZNF174,8150
ZNF175,21228
ZNF18,20037
ZNF180,26097
ZNF181,11224
ZNF182,29139
ZNF184,22376
ZNF189,11810
ZNF195,39962
ZNF197,63584
ZNF200,13897
ZNF202,17762
ZNF207,31754
ZNF211,13647
ZNF212,15956
ZNF213,13028
ZNF217,42837
ZNF22,4404
ZNF222,7769
ZNF224,15526
ZNF226,13309
ZNF227,29722
ZNF230,10968
ZNF232,17894
ZNF234,18760
ZNF24,13256
ZNF248,81581
ZNF25,27075
ZNF253,28793
ZNF256,6874
ZNF26,46588
ZNF260,17585
ZNF263,37602
ZNF264,31347
ZNF266,23145
ZNF267,43551
ZNF268,33424
ZNF274,30534
ZNF275,25964
ZNF276,20526
ZNF281,5117
ZNF282,30693
ZNF283,24697
ZNF292,114141
ZNF296,4979
ZNF3,18516
ZNF300,10592
ZNF302,8759
ZNF304,8628
ZNF316,20962
ZNF317,23028
ZNF318,62514
ZNF319,5997
ZNF32,5022
ZNF320,36843
ZNF324,8381
ZNF324B,6223
ZNF326,40424
ZNF330,13811
ZNF333,43946
ZNF335,23544
ZNF337,23659
ZNF33A,54439
ZNF33B,64386
ZNF343,42886
ZNF346,58494
ZNF35,12060
ZNF354A,19148
ZNF354B,28170
ZNF354C,23605
ZNF367,32430
ZNF37A,55960
ZNF383,30815
ZNF384,23096
ZNF394,30981
ZNF395,57112
ZNF397,26104
ZNF398,56627
ZNF408,4883
ZNF41,38045
ZNF414,4490
ZNF416,7346
ZNF417,16315
ZNF419,8388
ZNF426,15423
ZNF428,12406
ZNF430,39417
ZNF431,54030
ZNF436,10389
ZNF440,20944
ZNF441,17079
ZNF444,28295
ZNF445,45966
ZNF446,7214
ZNF449,18618
ZNF45,22659
ZNF451,83462
ZNF460,14019
ZNF468,19640
ZNF470,21444
ZNF473,27701
ZNF48,22003
ZNF480,28754
ZNF485,11486
ZNF493,30459
ZNF496,34456
ZNF497,8492
ZNF500,19386
ZNF501,7488
ZNF506,35913
ZNF507,42074
ZNF510,23577
ZNF511,4249
ZNF512,40249
ZNF512B,13227
ZNF513,3556
ZNF514,43582
ZNF518A,75574
ZNF518B,17547
ZNF524,3117
ZNF525,26525
ZNF526,7890
ZNF527,22006
ZNF530,12838
ZNF543,10299
ZNF544,48902
ZNF548,13143
ZNF549,30218
ZNF550,24607
ZNF551,35333
ZNF552,11073
ZNF557,18266
ZNF558,26145
ZNF559,27391
ZNF561,16557
ZNF562,33294
ZNF570,21068
ZNF572,6095
ZNF574,13076
ZNF575,10634
ZNF576,4766
ZNF579,4075
ZNF580,8455
ZNF581,10165
ZNF584,16824
ZNF586,50285
ZNF587,15259
ZNF587B,26518
ZNF589,58154
ZNF592,57854
ZNF593,966
ZNF593OS,2317
ZNF594,12334
ZNF597,11091
ZNF598,12168
ZNF600,36866
ZNF606,26274
ZNF607,23391
ZNF609,225491
ZNF614,17476
ZNF615,16899
ZNF616,26848
ZNF619,13941
ZNF621,49808
ZNF622,14282
ZNF623,20400
ZNF628,7871
ZNF638,158509
ZNF639,15553
ZNF641,14235
ZNF644,106975
ZNF646,9775
ZNF649,15806
ZNF654,85406
ZNF655,18048
ZNF664,43595
ZNF668,13398
ZNF669,4411
ZNF671,7874
ZNF672,11308
ZNF681,19697
ZNF687,10559
ZNF688,3063
ZNF689,21455
ZNF691,5905
ZNF692,9139
ZNF696,10277
ZNF699,18699
ZNF7,19992
ZNF70,12431
ZNF700,25706
ZNF706,28316
ZNF710,80883
ZNF711,29372
ZNF714,43112
ZNF721,73342
ZNF736,49176
ZNF738,29653
ZNF74,14347
ZNF740,14439
ZNF746,25122
ZNF747,4981
ZNF749,11777
ZNF75A,13447
ZNF76,37077
ZNF761,29879
ZNF764,4611
ZNF765,40621
ZNF766,26460
ZNF768,2818
ZNF770,9947
ZNF771,23695
ZNF772,10908
ZNF775,29841
ZNF776,11334
ZNF777,29700
ZNF778,19439
ZNF780A,21792
ZNF780B,27972
ZNF783,35132
ZNF784,3826
ZNF785,12030
ZNF786,21142
ZNF787,33930
ZNF789,30761
ZNF79,20999
ZNF791,22923
ZNF792,7876
ZNF799,11256
ZNF800,85135
ZNF805,22097
ZNF808,36813
ZNF814,40344
ZNF816,13533
ZNF829,28168
ZNF83,96445
ZNF830,2238
ZNF839,25326
ZNF84,26013
ZNF841,31301
ZNF845,23158
ZNF85,27476
ZNF852,15790
ZNF862,29105
ZNF865,11623
ZNF875,56529
ZNF880,15879
ZNF888,19056
ZNF891,25496
ZNF92,27338
ZNFX1,40481
ZNHIT1,6026
ZNHIT2,1299
ZNHIT3,12682
ZNHIT6,59017
ZNRD2,3483
ZPR1,14241
ZRANB1,46067
ZRANB2,17999
ZRSR2,40539
ZSCAN12,20793
ZSCAN20,28999
ZSCAN21,15267
ZSCAN22,15339
ZSCAN25,15463
ZSCAN26,11167
ZSCAN29,12872
ZSCAN30,39188
ZSCAN32,18985
ZSCAN9,8602
ZSWIM1,4040
ZSWIM4,36812
ZSWIM8,16192
ZSWIM9,26941
ZUP1,33177
ZW10,40549
ZWILCH,45172
ZWINT,4047
ZXDA,5029
ZXDB,5467
ZXDC,38291
ZYG11A,52488
ZYX,9817
ZZEF1,138586
ZZZ3,121004
